tokenizer,protein,subtype,protein_subtype,rank,token,group_frequency,background_frequency,enrichment_ratio,count,token_length,contains_cpg,contains_upa
cds_codon,HA,H1N1,HA-H1N1,1,CAC,0.013196001757964367,0.0058845845166536435,2.2424693668940794,17565,3,False,False
cds_codon,HA,H1N1,HA-H1N1,2,CTA,0.02154032236859404,0.010127458522702368,2.126922681873757,28672,3,False,True
cds_codon,HA,H1N1,HA-H1N1,3,GTA,0.028184526157232635,0.013376116754606447,2.107078277441636,37516,3,False,True
cds_codon,HA,H1N1,HA-H1N1,4,GCA,0.028880950502785323,0.01376183257333815,2.0986267090701194,38443,3,False,False
cds_codon,HA,H1N1,HA-H1N1,5,CTG,0.02137654620103149,0.010383494023067378,2.0587044298227695,28454,3,False,False
cds_codon,HA,H1N1,HA-H1N1,6,CTC,0.007795144562518547,0.00429940132431113,1.8130765568136313,10376,3,False,False
cds_codon,HA,H1N1,HA-H1N1,7,CCG,0.007793642028871184,0.0043937142831232704,1.7738161275054392,10374,3,True,False
cds_codon,HA,H1N1,HA-H1N1,8,GCC,0.015579771389505554,0.00880193825221764,1.7700386179761745,20738,3,False,False
cds_codon,HA,H1N1,HA-H1N1,9,ACA,0.04261711310697664,0.024784961919631456,1.7194745961560771,56727,3,False,False
cds_codon,HA,H1N1,HA-H1N1,10,TAC,0.023054125018312128,0.013691400139353443,1.6838397899282371,30687,3,False,True
cds_codon,HA,H3N2,HA-H3N2,1,TGA,0.0017384316685484895,4.271353993587843e-06,406.90276862769656,1960,3,False,False
cds_codon,HA,H3N2,HA-H3N2,2,CTT,0.01672087439565108,0.0042303489952494,3.95259858272443,18852,3,False,False
cds_codon,HA,H3N2,HA-H3N2,3,CGA,0.0063231017168786634,0.0026550736424142034,2.3815159904993104,7129,3,True,False
cds_codon,HA,H3N2,HA-H3N2,4,ACG,0.008257550425605324,0.003541237217617228,2.3318260219052798,9310,3,True,False
cds_codon,HA,H3N2,HA-H3N2,5,CAA,0.03216187282307999,0.015846723316210898,2.0295597488358528,36261,3,False,False
cds_codon,HA,H3N2,HA-H3N2,6,ATC,0.03098665753694389,0.016274428229435495,1.9040089271394196,34936,3,False,False
cds_codon,HA,H3N2,HA-H3N2,7,CTG,0.018824731496567926,0.011840193270225502,1.5899006441056815,21224,3,False,False
cds_codon,HA,H3N2,HA-H3N2,8,AGG,0.015114599012109596,0.009883343627296457,1.5293001086256894,17041,3,False,False
cds_codon,HA,H3N2,HA-H3N2,9,CGG,0.0023220480144183395,0.0015692954572441736,1.479675177815712,2618,3,True,False
cds_codon,HA,H3N2,HA-H3N2,10,CAC,0.01035874666172337,0.007219442519962173,1.434840183053007,11679,3,False,False
cds_codon,NA,H1N1,NA-H1N1,1,TAG,0.00028053985770028276,7.294433384462449e-06,38.45431010277863,340,3,False,True
cds_codon,NA,H1N1,NA-H1N1,2,TCG,0.005520034258867329,0.001437295154074481,3.840569143122664,6690,3,True,False
cds_codon,NA,H1N1,NA-H1N1,3,AGT,0.027950020999233466,0.011316583952655043,2.469828319777334,33874,3,False,False
cds_codon,NA,H1N1,NA-H1N1,4,CGC,0.0018523881780503964,0.0007516184159350107,2.464530770198417,2245,3,True,False
cds_codon,NA,H1N1,NA-H1N1,5,CGA,0.005921866349161557,0.0027065265629709467,2.18799447313263,7177,3,True,False
cds_codon,NA,H1N1,NA-H1N1,6,ACC,0.017810980495053835,0.009850986397048848,1.808040227560299,21586,3,False,False
cds_codon,NA,H1N1,NA-H1N1,7,CCA,0.022485269594677663,0.012514621691719154,1.7967198171748338,27251,3,False,False
cds_codon,NA,H1N1,NA-H1N1,8,TGG,0.03402040844953047,0.01991467847158862,1.7083081602225063,41231,3,False,False
cds_codon,NA,H1N1,NA-H1N1,9,TCT,0.020872165412901038,0.01293127972663965,1.6140834658319976,25296,3,False,False
cds_codon,NA,H1N1,NA-H1N1,10,ATA,0.04449279631403632,0.028621605936618378,1.5545177953342795,53923,3,False,True
cds_codon,NA,H3N2,NA-H3N2,1,CGT,0.001997454406941851,0.00011469867622470806,17.41465601898158,1935,3,True,False
cds_codon,NA,H3N2,NA-H3N2,2,CGG,0.005607324205947356,0.0007347798807079279,7.631288936839176,5432,3,True,False
cds_codon,NA,H3N2,NA-H3N2,3,TCC,0.023730997085884345,0.009271249291987685,2.5596329878390764,22989,3,False,False
cds_codon,NA,H3N2,NA-H3N2,4,CGC,0.0020046803401969375,0.0007843645815936686,2.5557997281367695,1942,3,True,False
cds_codon,NA,H3N2,NA-H3N2,5,CCT,0.021661283346391627,0.00854464271362356,2.535071686120151,20984,3,False,False
cds_codon,NA,H3N2,NA-H3N2,6,ACC,0.021448634453456215,0.009418368734176147,2.277319330077499,20778,3,False,False
cds_codon,NA,H3N2,NA-H3N2,7,CAT,0.019917768879557114,0.010587150969340035,1.8813151957427428,19295,3,False,False
cds_codon,NA,H3N2,NA-H3N2,8,GTG,0.02290104703772866,0.01303287547401748,1.7571752547017923,22185,3,False,False
cds_codon,NA,H3N2,NA-H3N2,9,CTC,0.007983623970691614,0.004594758134274825,1.7375502692050564,7734,3,False,False
cds_codon,NA,H3N2,NA-H3N2,10,TAA,0.0021058434057681526,0.0012516050322477644,1.6825137874945026,2040,3,False,True
cds_frame_k3,HA,H1N1,HA-H1N1,1,CAC,0.013196001757964367,0.0058845845166536435,2.2424693668940794,17565,3,False,False
cds_frame_k3,HA,H1N1,HA-H1N1,2,CTA,0.02154032236859404,0.010127458522702368,2.126922681873757,28672,3,False,True
cds_frame_k3,HA,H1N1,HA-H1N1,3,GTA,0.028184526157232635,0.013376116754606447,2.107078277441636,37516,3,False,True
cds_frame_k3,HA,H1N1,HA-H1N1,4,GCA,0.028880950502785323,0.01376183257333815,2.0986267090701194,38443,3,False,False
cds_frame_k3,HA,H1N1,HA-H1N1,5,CTG,0.02137654620103149,0.010383494023067378,2.0587044298227695,28454,3,False,False
cds_frame_k3,HA,H1N1,HA-H1N1,6,CTC,0.007795144562518547,0.00429940132431113,1.8130765568136313,10376,3,False,False
cds_frame_k3,HA,H1N1,HA-H1N1,7,CCG,0.007793642028871184,0.0043937142831232704,1.7738161275054392,10374,3,True,False
cds_frame_k3,HA,H1N1,HA-H1N1,8,GCC,0.015579771389505554,0.00880193825221764,1.7700386179761745,20738,3,False,False
cds_frame_k3,HA,H1N1,HA-H1N1,9,ACA,0.04261711310697664,0.024784961919631456,1.7194745961560771,56727,3,False,False
cds_frame_k3,HA,H1N1,HA-H1N1,10,TAC,0.023054125018312128,0.013691400139353443,1.6838397899282371,30687,3,False,True
cds_frame_k3,HA,H3N2,HA-H3N2,1,TGA,0.0017384316685484895,4.271353993587843e-06,406.90276862769656,1960,3,False,False
cds_frame_k3,HA,H3N2,HA-H3N2,2,CTT,0.01672087439565108,0.0042303489952494,3.95259858272443,18852,3,False,False
cds_frame_k3,HA,H3N2,HA-H3N2,3,CGA,0.0063231017168786634,0.0026550736424142034,2.3815159904993104,7129,3,True,False
cds_frame_k3,HA,H3N2,HA-H3N2,4,ACG,0.008257550425605324,0.003541237217617228,2.3318260219052798,9310,3,True,False
cds_frame_k3,HA,H3N2,HA-H3N2,5,CAA,0.03216187282307999,0.015846723316210898,2.0295597488358528,36261,3,False,False
cds_frame_k3,HA,H3N2,HA-H3N2,6,ATC,0.03098665753694389,0.016274428229435495,1.9040089271394196,34936,3,False,False
cds_frame_k3,HA,H3N2,HA-H3N2,7,CTG,0.018824731496567926,0.011840193270225502,1.5899006441056815,21224,3,False,False
cds_frame_k3,HA,H3N2,HA-H3N2,8,AGG,0.015114599012109596,0.009883343627296457,1.5293001086256894,17041,3,False,False
cds_frame_k3,HA,H3N2,HA-H3N2,9,CGG,0.0023220480144183395,0.0015692954572441736,1.479675177815712,2618,3,True,False
cds_frame_k3,HA,H3N2,HA-H3N2,10,CAC,0.01035874666172337,0.007219442519962173,1.434840183053007,11679,3,False,False
cds_frame_k3,NA,H1N1,NA-H1N1,1,TAG,0.00028053985770028276,7.294433384462449e-06,38.45431010277863,340,3,False,True
cds_frame_k3,NA,H1N1,NA-H1N1,2,TCG,0.005520034258867329,0.001437295154074481,3.840569143122664,6690,3,True,False
cds_frame_k3,NA,H1N1,NA-H1N1,3,AGT,0.027950020999233466,0.011316583952655043,2.469828319777334,33874,3,False,False
cds_frame_k3,NA,H1N1,NA-H1N1,4,CGC,0.0018523881780503964,0.0007516184159350107,2.464530770198417,2245,3,True,False
cds_frame_k3,NA,H1N1,NA-H1N1,5,CGA,0.005921866349161557,0.0027065265629709467,2.18799447313263,7177,3,True,False
cds_frame_k3,NA,H1N1,NA-H1N1,6,ACC,0.017810980495053835,0.009850986397048848,1.808040227560299,21586,3,False,False
cds_frame_k3,NA,H1N1,NA-H1N1,7,CCA,0.022485269594677663,0.012514621691719154,1.7967198171748338,27251,3,False,False
cds_frame_k3,NA,H1N1,NA-H1N1,8,TGG,0.03402040844953047,0.01991467847158862,1.7083081602225063,41231,3,False,False
cds_frame_k3,NA,H1N1,NA-H1N1,9,TCT,0.020872165412901038,0.01293127972663965,1.6140834658319976,25296,3,False,False
cds_frame_k3,NA,H1N1,NA-H1N1,10,ATA,0.04449279631403632,0.028621605936618378,1.5545177953342795,53923,3,False,True
cds_frame_k3,NA,H3N2,NA-H3N2,1,CGT,0.001997454406941851,0.00011469867622470806,17.41465601898158,1935,3,True,False
cds_frame_k3,NA,H3N2,NA-H3N2,2,CGG,0.005607324205947356,0.0007347798807079279,7.631288936839176,5432,3,True,False
cds_frame_k3,NA,H3N2,NA-H3N2,3,TCC,0.023730997085884345,0.009271249291987685,2.5596329878390764,22989,3,False,False
cds_frame_k3,NA,H3N2,NA-H3N2,4,CGC,0.0020046803401969375,0.0007843645815936686,2.5557997281367695,1942,3,True,False
cds_frame_k3,NA,H3N2,NA-H3N2,5,CCT,0.021661283346391627,0.00854464271362356,2.535071686120151,20984,3,False,False
cds_frame_k3,NA,H3N2,NA-H3N2,6,ACC,0.021448634453456215,0.009418368734176147,2.277319330077499,20778,3,False,False
cds_frame_k3,NA,H3N2,NA-H3N2,7,CAT,0.019917768879557114,0.010587150969340035,1.8813151957427428,19295,3,False,False
cds_frame_k3,NA,H3N2,NA-H3N2,8,GTG,0.02290104703772866,0.01303287547401748,1.7571752547017923,22185,3,False,False
cds_frame_k3,NA,H3N2,NA-H3N2,9,CTC,0.007983623970691614,0.004594758134274825,1.7375502692050564,7734,3,False,False
cds_frame_k3,NA,H3N2,NA-H3N2,10,TAA,0.0021058434057681526,0.0012516050322477644,1.6825137874945026,2040,3,False,True
cds_frame_k6,HA,H1N1,HA-H1N1,1,CACTCT,0.0035034334550806557,0.0,3503434.4550806554,2328,6,False,False
cds_frame_k6,HA,H1N1,HA-H1N1,2,GCCCCA,0.003444741915240387,0.0,3444742.9152403865,2289,6,False,False
cds_frame_k6,HA,H1N1,HA-H1N1,3,CAATTG,0.003407119133291497,0.0,3407120.1332914964,2264,6,False,False
cds_frame_k6,HA,H1N1,HA-H1N1,4,TTCTAC,0.0031557989498729104,0.0,3155799.94987291,2097,6,False,True
cds_frame_k6,HA,H1N1,HA-H1N1,5,GGCCTA,0.003136235103259487,0.0,3136236.103259487,2084,6,False,True
cds_frame_k6,HA,H1N1,HA-H1N1,6,CATGCG,0.0031211859904799314,0.0,3121186.9904799312,2074,6,True,False
cds_frame_k6,HA,H1N1,HA-H1N1,7,CTCGTG,0.00311817616792402,0.0,3118177.1679240195,2072,6,True,False
cds_frame_k6,HA,H1N1,HA-H1N1,8,CTCTCC,0.0031166712566460643,0.0,3116672.256646064,2071,6,False,False
cds_frame_k6,HA,H1N1,HA-H1N1,9,GATTTC,0.0031136614340901534,0.0,3113662.434090153,2069,6,False,False
cds_frame_k6,HA,H1N1,HA-H1N1,10,TTTGTG,0.0031136614340901534,0.0,3113662.434090153,2069,6,False,False
cds_frame_k6,HA,H3N2,HA-H3N2,1,CTGTGC,0.0034687422255393254,0.0,3468743.2255393253,1952,6,False,False
cds_frame_k6,HA,H3N2,HA-H3N2,2,GATATG,0.0034651881863738136,0.0,3465189.1863738135,1950,6,False,True
cds_frame_k6,HA,H3N2,HA-H3N2,3,TCCCTT,0.003456303088460035,0.0,3456304.0884600347,1945,6,False,False
cds_frame_k6,HA,H3N2,HA-H3N2,4,CTAGTT,0.0034509720297117674,0.0,3450973.029711767,1942,6,False,True
cds_frame_k6,HA,H3N2,HA-H3N2,5,TACTTC,0.0034509720297117674,0.0,3450973.029711767,1942,6,False,True
cds_frame_k6,HA,H3N2,HA-H3N2,6,AGCACG,0.0033869993247325585,0.0,3387000.3247325583,1906,6,True,False
cds_frame_k6,HA,H3N2,HA-H3N2,7,TTCGCT,0.003363898070156733,0.0,3363899.0701567326,1893,6,True,False
cds_frame_k6,HA,H3N2,HA-H3N2,8,TGGGAG,0.0033496819134946868,0.0,3349682.9134946866,1885,6,False,False
cds_frame_k6,HA,H3N2,HA-H3N2,9,GGCGCA,0.0033425738351636636,0.0,3342574.835163663,1881,6,True,False
cds_frame_k6,HA,H3N2,HA-H3N2,10,TATGCC,0.003299925365177524,0.0,3299926.365177524,1857,6,False,True
cds_frame_k6,NA,H1N1,NA-H1N1,1,AGCGGG,0.007068421061319626,0.0,7068422.061319626,4282,6,True,False
cds_frame_k6,NA,H1N1,NA-H1N1,2,GTGGCT,0.004214310828946521,0.0,4214311.8289465215,2553,6,False,False
cds_frame_k6,NA,H1N1,NA-H1N1,3,ATGAGC,0.0041664396914457575,0.0,4166440.6914457576,2524,6,False,False
cds_frame_k6,NA,H1N1,NA-H1N1,4,TGGGAT,0.0041647889625664215,0.0,4164789.962566422,2523,6,False,False
cds_frame_k6,NA,H1N1,NA-H1N1,5,AGACCT,0.004151583131531728,0.0,4151584.131531728,2515,6,False,False
cds_frame_k6,NA,H1N1,NA-H1N1,6,CCATAC,0.004140028029376371,0.0,4140029.029376371,2508,6,False,True
cds_frame_k6,NA,H1N1,NA-H1N1,7,ACCGAT,0.004120219282824331,0.0,4120220.2828243314,2496,6,True,False
cds_frame_k6,NA,H1N1,NA-H1N1,8,CAAGAG,0.0039138781729072475,0.0,3913879.1729072477,2371,6,False,False
cds_frame_k6,NA,H1N1,NA-H1N1,9,TTGCCA,0.0036415079078166964,0.0,3641508.907816696,2206,6,False,False
cds_frame_k6,NA,H1N1,NA-H1N1,10,TCTTTC,0.003633254263420013,0.0,3633255.263420013,2201,6,False,False
cds_frame_k6,NA,H3N2,NA-H3N2,1,CAAGTG,0.00810554133289289,0.0,8105542.332892888,3926,6,False,False
cds_frame_k6,NA,H3N2,NA-H3N2,2,AATCGG,0.005275002064580064,0.0,5275003.064580064,2555,6,True,False
cds_frame_k6,NA,H3N2,NA-H3N2,3,GCCTTT,0.004193162110826658,0.0,4193163.110826658,2031,6,False,False
cds_frame_k6,NA,H3N2,NA-H3N2,4,TGTCAC,0.0041683871500536795,0.0,4168388.1500536795,2019,6,False,False
cds_frame_k6,NA,H3N2,NA-H3N2,5,CCAACA,0.004137418449087456,0.0,4137419.449087456,2004,6,False,False
cds_frame_k6,NA,H3N2,NA-H3N2,6,TTGATG,0.004133289288958626,0.0,4133290.2889586263,2002,6,False,False
cds_frame_k6,NA,H3N2,NA-H3N2,7,GGGGCG,0.00403831860599554,0.0,4038319.60599554,1956,6,True,False
cds_frame_k6,NA,H3N2,NA-H3N2,8,ACCAAG,0.0039495416632257,0.0,3949542.6632257,1913,6,False,False
cds_frame_k6,NA,H3N2,NA-H3N2,9,CAATAT,0.003939218762903625,0.0,3939219.762903625,1908,6,False,True
cds_frame_k6,NA,H3N2,NA-H3N2,10,AGGCTT,0.0038793459410355934,0.0,3879346.941035593,1879,6,False,False
cds_nonoverlap_k3_offset0,HA,H1N1,HA-H1N1,1,CAC,0.013196001757964367,0.0058845845166536435,2.2424693668940794,17565,3,False,False
cds_nonoverlap_k3_offset0,HA,H1N1,HA-H1N1,2,CTA,0.02154032236859404,0.010127458522702368,2.126922681873757,28672,3,False,True
cds_nonoverlap_k3_offset0,HA,H1N1,HA-H1N1,3,GTA,0.028184526157232635,0.013376116754606447,2.107078277441636,37516,3,False,True
cds_nonoverlap_k3_offset0,HA,H1N1,HA-H1N1,4,GCA,0.028880950502785323,0.01376183257333815,2.0986267090701194,38443,3,False,False
cds_nonoverlap_k3_offset0,HA,H1N1,HA-H1N1,5,CTG,0.02137654620103149,0.010383494023067378,2.0587044298227695,28454,3,False,False
cds_nonoverlap_k3_offset0,HA,H1N1,HA-H1N1,6,CTC,0.007795144562518547,0.00429940132431113,1.8130765568136313,10376,3,False,False
cds_nonoverlap_k3_offset0,HA,H1N1,HA-H1N1,7,CCG,0.007793642028871184,0.0043937142831232704,1.7738161275054392,10374,3,True,False
cds_nonoverlap_k3_offset0,HA,H1N1,HA-H1N1,8,GCC,0.015579771389505554,0.00880193825221764,1.7700386179761745,20738,3,False,False
cds_nonoverlap_k3_offset0,HA,H1N1,HA-H1N1,9,ACA,0.04261711310697664,0.024784961919631456,1.7194745961560771,56727,3,False,False
cds_nonoverlap_k3_offset0,HA,H1N1,HA-H1N1,10,TAC,0.023054125018312128,0.013691400139353443,1.6838397899282371,30687,3,False,True
cds_nonoverlap_k3_offset0,HA,H3N2,HA-H3N2,1,TGA,0.0017384316685484895,4.271353993587843e-06,406.90276862769656,1960,3,False,False
cds_nonoverlap_k3_offset0,HA,H3N2,HA-H3N2,2,CTT,0.01672087439565108,0.0042303489952494,3.95259858272443,18852,3,False,False
cds_nonoverlap_k3_offset0,HA,H3N2,HA-H3N2,3,CGA,0.0063231017168786634,0.0026550736424142034,2.3815159904993104,7129,3,True,False
cds_nonoverlap_k3_offset0,HA,H3N2,HA-H3N2,4,ACG,0.008257550425605324,0.003541237217617228,2.3318260219052798,9310,3,True,False
cds_nonoverlap_k3_offset0,HA,H3N2,HA-H3N2,5,CAA,0.03216187282307999,0.015846723316210898,2.0295597488358528,36261,3,False,False
cds_nonoverlap_k3_offset0,HA,H3N2,HA-H3N2,6,ATC,0.03098665753694389,0.016274428229435495,1.9040089271394196,34936,3,False,False
cds_nonoverlap_k3_offset0,HA,H3N2,HA-H3N2,7,CTG,0.018824731496567926,0.011840193270225502,1.5899006441056815,21224,3,False,False
cds_nonoverlap_k3_offset0,HA,H3N2,HA-H3N2,8,AGG,0.015114599012109596,0.009883343627296457,1.5293001086256894,17041,3,False,False
cds_nonoverlap_k3_offset0,HA,H3N2,HA-H3N2,9,CGG,0.0023220480144183395,0.0015692954572441736,1.479675177815712,2618,3,True,False
cds_nonoverlap_k3_offset0,HA,H3N2,HA-H3N2,10,CAC,0.01035874666172337,0.007219442519962173,1.434840183053007,11679,3,False,False
cds_nonoverlap_k3_offset0,NA,H1N1,NA-H1N1,1,TAG,0.00028053985770028276,7.294433384462449e-06,38.45431010277863,340,3,False,True
cds_nonoverlap_k3_offset0,NA,H1N1,NA-H1N1,2,TCG,0.005520034258867329,0.001437295154074481,3.840569143122664,6690,3,True,False
cds_nonoverlap_k3_offset0,NA,H1N1,NA-H1N1,3,AGT,0.027950020999233466,0.011316583952655043,2.469828319777334,33874,3,False,False
cds_nonoverlap_k3_offset0,NA,H1N1,NA-H1N1,4,CGC,0.0018523881780503964,0.0007516184159350107,2.464530770198417,2245,3,True,False
cds_nonoverlap_k3_offset0,NA,H1N1,NA-H1N1,5,CGA,0.005921866349161557,0.0027065265629709467,2.18799447313263,7177,3,True,False
cds_nonoverlap_k3_offset0,NA,H1N1,NA-H1N1,6,ACC,0.017810980495053835,0.009850986397048848,1.808040227560299,21586,3,False,False
cds_nonoverlap_k3_offset0,NA,H1N1,NA-H1N1,7,CCA,0.022485269594677663,0.012514621691719154,1.7967198171748338,27251,3,False,False
cds_nonoverlap_k3_offset0,NA,H1N1,NA-H1N1,8,TGG,0.03402040844953047,0.01991467847158862,1.7083081602225063,41231,3,False,False
cds_nonoverlap_k3_offset0,NA,H1N1,NA-H1N1,9,TCT,0.020872165412901038,0.01293127972663965,1.6140834658319976,25296,3,False,False
cds_nonoverlap_k3_offset0,NA,H1N1,NA-H1N1,10,ATA,0.04449279631403632,0.028621605936618378,1.5545177953342795,53923,3,False,True
cds_nonoverlap_k3_offset0,NA,H3N2,NA-H3N2,1,CGT,0.001997454406941851,0.00011469867622470806,17.41465601898158,1935,3,True,False
cds_nonoverlap_k3_offset0,NA,H3N2,NA-H3N2,2,CGG,0.005607324205947356,0.0007347798807079279,7.631288936839176,5432,3,True,False
cds_nonoverlap_k3_offset0,NA,H3N2,NA-H3N2,3,TCC,0.023730997085884345,0.009271249291987685,2.5596329878390764,22989,3,False,False
cds_nonoverlap_k3_offset0,NA,H3N2,NA-H3N2,4,CGC,0.0020046803401969375,0.0007843645815936686,2.5557997281367695,1942,3,True,False
cds_nonoverlap_k3_offset0,NA,H3N2,NA-H3N2,5,CCT,0.021661283346391627,0.00854464271362356,2.535071686120151,20984,3,False,False
cds_nonoverlap_k3_offset0,NA,H3N2,NA-H3N2,6,ACC,0.021448634453456215,0.009418368734176147,2.277319330077499,20778,3,False,False
cds_nonoverlap_k3_offset0,NA,H3N2,NA-H3N2,7,CAT,0.019917768879557114,0.010587150969340035,1.8813151957427428,19295,3,False,False
cds_nonoverlap_k3_offset0,NA,H3N2,NA-H3N2,8,GTG,0.02290104703772866,0.01303287547401748,1.7571752547017923,22185,3,False,False
cds_nonoverlap_k3_offset0,NA,H3N2,NA-H3N2,9,CTC,0.007983623970691614,0.004594758134274825,1.7375502692050564,7734,3,False,False
cds_nonoverlap_k3_offset0,NA,H3N2,NA-H3N2,10,TAA,0.0021058434057681526,0.0012516050322477644,1.6825137874945026,2040,3,False,True
cds_nonoverlap_k3_offset1,HA,H1N1,HA-H1N1,1,TAC,0.01129042090345945,0.004505515508211548,2.5059106725903773,15002,3,False,True
cds_nonoverlap_k3_offset1,HA,H1N1,HA-H1N1,2,TGG,0.03517475617823542,0.014171398593794534,2.482094795607766,46738,3,False,False
cds_nonoverlap_k3_offset1,HA,H1N1,HA-H1N1,3,TCC,0.011894754191386256,0.005621974678851398,2.1157606988823585,15805,3,False,False
cds_nonoverlap_k3_offset1,HA,H1N1,HA-H1N1,4,CAC,0.012966448589901538,0.006590622651642022,1.967408590637854,17229,3,False,False
cds_nonoverlap_k3_offset1,HA,H1N1,HA-H1N1,5,CCG,0.008521626175834646,0.0045015779148262205,1.8930307203475105,11323,3,True,False
cds_nonoverlap_k3_offset1,HA,H1N1,HA-H1N1,6,CGA,0.008042223555150493,0.0044458458238338895,1.8089297436062484,10686,3,True,False
cds_nonoverlap_k3_offset1,HA,H1N1,HA-H1N1,7,CGT,0.004090350460625391,0.0022874388650765453,1.7881787945881211,5435,3,True,False
cds_nonoverlap_k3_offset1,HA,H1N1,HA-H1N1,8,AGC,0.01219503934939721,0.006955910161080887,1.7531909288361593,16204,3,False,False
cds_nonoverlap_k3_offset1,HA,H1N1,HA-H1N1,9,ACC,0.022059293900899876,0.01265905984202981,1.7425696247276106,29311,3,False,False
cds_nonoverlap_k3_offset1,HA,H1N1,HA-H1N1,10,TAG,0.026315967719721813,0.015942709833594276,1.650658347529527,34967,3,False,True
cds_nonoverlap_k3_offset1,HA,H3N2,HA-H3N2,1,CGG,0.011875980150426712,0.004220520483305519,2.81386582141632,13366,3,True,False
cds_nonoverlap_k3_offset1,HA,H3N2,HA-H3N2,2,CTC,0.017196447690510146,0.006386989657841674,2.692418012134882,19354,3,False,False
cds_nonoverlap_k3_offset1,HA,H3N2,HA-H3N2,3,TCC,0.013638807070855158,0.005425731308175889,2.513726681705842,15350,3,False,False
cds_nonoverlap_k3_offset1,HA,H3N2,HA-H3N2,4,CGC,0.001874780646221784,0.0008280117930335733,2.2641940583468343,2110,3,True,False
cds_nonoverlap_k3_offset1,HA,H3N2,HA-H3N2,5,AAC,0.016745967222436948,0.008306367787316811,2.0160395777282076,18847,3,False,False
cds_nonoverlap_k3_offset1,HA,H3N2,HA-H3N2,6,ACC,0.024748881573394107,0.012340571350963156,2.00548903807225,27854,3,False,False
cds_nonoverlap_k3_offset1,HA,H3N2,HA-H3N2,7,GCA,0.03666484519731844,0.019760721140636178,1.8554406026448005,41265,3,False,False
cds_nonoverlap_k3_offset1,HA,H3N2,HA-H3N2,8,TTC,0.013631698897788914,0.008105499316505083,1.6817838955642173,15342,3,False,False
cds_nonoverlap_k3_offset1,HA,H3N2,HA-H3N2,9,AAA,0.050441373121332074,0.03277579968620008,1.538982208375764,56770,3,False,False
cds_nonoverlap_k3_offset1,HA,H3N2,HA-H3N2,10,ACG,0.013076372876988622,0.008605958546339986,1.51945565239728,14717,3,True,False
cds_nonoverlap_k3_offset1,NA,H1N1,NA-H1N1,1,GAC,0.012709902329473478,0.003761027152710097,3.3793693674733754,15371,3,False,False
cds_nonoverlap_k3_offset1,NA,H1N1,NA-H1N1,2,GTG,0.03404246170739855,0.013138162937307834,2.5911126447988484,41170,3,False,False
cds_nonoverlap_k3_offset1,NA,H1N1,NA-H1N1,3,GCC,0.010699768144127696,0.004642088542284808,2.3049467371672745,12940,3,False,False
cds_nonoverlap_k3_offset1,NA,H1N1,NA-H1N1,4,CGT,0.004419649206364957,0.002233932030235548,1.9784166071885088,5345,3,True,False
cds_nonoverlap_k3_offset1,NA,H1N1,NA-H1N1,5,CTT,0.018617927320956663,0.009775864296668045,1.9044788114359863,22516,3,False,False
cds_nonoverlap_k3_offset1,NA,H1N1,NA-H1N1,6,GCG,0.006427302765402209,0.003414624449775116,1.8822866109152634,7773,3,True,False
cds_nonoverlap_k3_offset1,NA,H1N1,NA-H1N1,7,TAA,0.04666140773889258,0.025207300824292272,1.851106836588317,56431,3,False,True
cds_nonoverlap_k3_offset1,NA,H1N1,NA-H1N1,8,CCT,0.015403862500537468,0.008386453286499299,1.8367551976447247,18629,3,False,False
cds_nonoverlap_k3_offset1,NA,H1N1,NA-H1N1,9,GGG,0.023727190641093063,0.014107505859613654,1.681884111573124,28695,3,False,False
cds_nonoverlap_k3_offset1,NA,H1N1,NA-H1N1,10,TTA,0.01718743281637081,0.010292983605943978,1.6698202197296046,20786,3,False,True
cds_nonoverlap_k3_offset1,NA,H3N2,NA-H3N2,1,CGC,0.002134126156545343,0.0008049516674154801,2.6512455240350215,2063,3,True,False
cds_nonoverlap_k3_offset1,NA,H3N2,NA-H3N2,2,GCT,0.028947771322640977,0.011540643098788233,2.5083324704277548,27983,3,False,False
cds_nonoverlap_k3_offset1,NA,H3N2,NA-H3N2,3,TGC,0.014570609265604053,0.005861216396884572,2.4859358182736586,14085,3,False,False
cds_nonoverlap_k3_offset1,NA,H3N2,NA-H3N2,4,GGC,0.013146134366155221,0.005535305141918793,2.374960847531039,12708,3,False,False
cds_nonoverlap_k3_offset1,NA,H3N2,NA-H3N2,5,CCA,0.03555187281725342,0.015862652153334423,2.241231241305948,34367,3,False,False
cds_nonoverlap_k3_offset1,NA,H3N2,NA-H3N2,6,CCC,0.011225110482149064,0.005069912604467659,2.2140636622007484,10851,3,False,False
cds_nonoverlap_k3_offset1,NA,H3N2,NA-H3N2,7,TGT,0.01890506810996905,0.009467803844005881,1.99677427043059,18275,3,False,False
cds_nonoverlap_k3_offset1,NA,H3N2,NA-H3N2,8,GTA,0.015703361636625453,0.008710073824085443,1.8028964106257612,15180,3,False,True
cds_nonoverlap_k3_offset1,NA,H3N2,NA-H3N2,9,ATA,0.024010212357449063,0.013599288563572075,1.7655490932235425,23210,3,False,True
cds_nonoverlap_k3_offset1,NA,H3N2,NA-H3N2,10,TTT,0.023938833440918947,0.014190514508509996,1.6869601690342344,23141,3,False,False
cds_nonoverlap_k3_offset2,HA,H1N1,HA-H1N1,1,CTA,0.01561106524466467,0.003142199521491536,4.96819542161314,20743,3,False,True
cds_nonoverlap_k3_offset2,HA,H1N1,HA-H1N1,2,ACT,0.017089913203290043,0.008039354125643758,2.125781724553629,22708,3,False,False
cds_nonoverlap_k3_offset2,HA,H1N1,HA-H1N1,3,ATC,0.015493660521231816,0.008434022139573148,1.8370428044635365,20587,3,False,False
cds_nonoverlap_k3_offset2,HA,H1N1,HA-H1N1,4,CCT,0.01367539249678454,0.0074468977670513695,1.8363877265649158,18171,3,False,False
cds_nonoverlap_k3_offset2,HA,H1N1,HA-H1N1,5,GGT,0.013275012286103269,0.007449018009643469,1.782115640853848,17639,3,False,False
cds_nonoverlap_k3_offset2,HA,H1N1,HA-H1N1,6,TTA,0.01633205066164335,0.009920009304836061,1.6463744653250392,21701,3,False,True
cds_nonoverlap_k3_offset2,HA,H1N1,HA-H1N1,7,CGA,0.012510376395027759,0.007811882384691364,1.6014547041938498,16623,3,True,False
cds_nonoverlap_k3_offset2,HA,H1N1,HA-H1N1,8,TGC,0.026586149102493573,0.01765101957922877,1.5062103623503456,35326,3,False,False
cds_nonoverlap_k3_offset2,HA,H1N1,HA-H1N1,9,ATT,0.027646554585294154,0.018593921749115328,1.486859763715515,36735,3,False,False
cds_nonoverlap_k3_offset2,HA,H1N1,HA-H1N1,10,AGC,0.015859421390388016,0.010755687777922155,1.474514809590077,21073,3,False,False
cds_nonoverlap_k3_offset2,HA,H3N2,HA-H3N2,1,CCG,0.0028254987938318827,0.00031243036298131036,9.043585659487405,3180,3,True,False
cds_nonoverlap_k3_offset2,HA,H3N2,HA-H3N2,2,GCG,0.001688191103232886,0.0005155814300522629,3.27433986270975,1900,3,True,False
cds_nonoverlap_k3_offset2,HA,H3N2,HA-H3N2,3,CCA,0.022855441972873435,0.010903391681249128,2.0961771845728885,25723,3,False,False
cds_nonoverlap_k3_offset2,HA,H3N2,HA-H3N2,4,CCT,0.014486456709004723,0.0075476898556571725,1.9193231394932901,16304,3,False,False
cds_nonoverlap_k3_offset2,HA,H3N2,HA-H3N2,5,CGC,0.005747846445691336,0.0033927940148043485,1.6941334270448982,6469,3,True,False
cds_nonoverlap_k3_offset2,HA,H3N2,HA-H3N2,6,ACG,0.0033008578676369323,0.0019998396476127896,1.650560944231816,3715,3,True,False
cds_nonoverlap_k3_offset2,HA,H3N2,HA-H3N2,7,GAA,0.03502374574064942,0.021235278324095,1.6493188625453625,39418,3,False,False
cds_nonoverlap_k3_offset2,HA,H3N2,HA-H3N2,8,TCT,0.015484266503178686,0.009598602594570103,1.6131791828488555,17427,3,False,False
cds_nonoverlap_k3_offset2,HA,H3N2,HA-H3N2,9,TTT,0.019488833504373748,0.01254115449724248,1.5539903407352622,21934,3,False,False
cds_nonoverlap_k3_offset2,HA,H3N2,HA-H3N2,10,GGG,0.020569275810442794,0.013488431944820517,1.5249567458717495,23150,3,False,False
cds_nonoverlap_k3_offset2,NA,H1N1,NA-H1N1,1,GCG,0.0014586082694158621,0.0005679835036309435,2.5680441281257482,1764,3,True,False
cds_nonoverlap_k3_offset2,NA,H1N1,NA-H1N1,2,TTG,0.02867521325117499,0.013588340289645277,2.1102806913619663,34679,3,False,False
cds_nonoverlap_k3_offset2,NA,H1N1,NA-H1N1,3,TCC,0.019492761532431707,0.010387403920752415,1.8765767466605838,23574,3,False,False
cds_nonoverlap_k3_offset2,NA,H1N1,NA-H1N1,4,CGG,0.014644790850127173,0.007942414716239183,1.8438712317946555,17711,3,True,False
cds_nonoverlap_k3_offset2,NA,H1N1,NA-H1N1,5,GAG,0.016093476614308915,0.00884803123412321,1.8188764674978255,19463,3,False,False
cds_nonoverlap_k3_offset2,NA,H1N1,NA-H1N1,6,TGG,0.050868549958160106,0.02823927452458056,1.8013405093867279,61519,3,False,False
cds_nonoverlap_k3_offset2,NA,H1N1,NA-H1N1,7,GGC,0.013721170987917697,0.007701832923399108,1.781546073881327,16594,3,False,False
cds_nonoverlap_k3_offset2,NA,H1N1,NA-H1N1,8,CTT,0.021270543720211813,0.012422556340864936,1.7122516834952137,25724,3,False,False
cds_nonoverlap_k3_offset2,NA,H1N1,NA-H1N1,9,CTG,0.01621337355255455,0.009953304330998452,1.628943754197896,19608,3,False,False
cds_nonoverlap_k3_offset2,NA,H1N1,NA-H1N1,10,TCG,0.003891275802647986,0.002439142745391967,1.5953454198832646,4706,3,True,False
cds_nonoverlap_k3_offset2,NA,H3N2,NA-H3N2,1,TCG,0.006894789545988712,0.0017428336373170024,3.9560784473522177,6665,3,True,False
cds_nonoverlap_k3_offset2,NA,H3N2,NA-H3N2,2,GCA,0.021910223943592034,0.006858603101779846,3.194560382615787,21180,3,False,False
cds_nonoverlap_k3_offset2,NA,H3N2,NA-H3N2,3,CGT,0.010397528841220187,0.0035165114721307663,2.9567732017512207,10051,3,True,False
cds_nonoverlap_k3_offset2,NA,H3N2,NA-H3N2,4,GTG,0.017019216445702368,0.00809646536414987,2.1020549805605704,16452,3,False,False
cds_nonoverlap_k3_offset2,NA,H3N2,NA-H3N2,5,ACG,0.003947564427230746,0.001885590409802013,2.093542326672585,3816,3,True,False
cds_nonoverlap_k3_offset2,NA,H3N2,NA-H3N2,6,GTC,0.020635748216561563,0.01071276300137516,1.926276842644216,19948,3,False,False
cds_nonoverlap_k3_offset2,NA,H3N2,NA-H3N2,7,TAG,0.02126471026366751,0.01177866203876324,1.8053586551959218,20556,3,False,True
cds_nonoverlap_k3_offset2,NA,H3N2,NA-H3N2,8,TGT,0.038744268997136566,0.022521177407635276,1.7203482560220398,37453,3,False,False
cds_nonoverlap_k3_offset2,NA,H3N2,NA-H3N2,9,CTC,0.02225470480162868,0.01532629066589074,1.4520606997945495,21513,3,False,False
cds_nonoverlap_k3_offset2,NA,H3N2,NA-H3N2,10,AAC,0.03086258834434017,0.02148639552524393,1.4363780966287363,29834,3,False,False
raw_nonoverlap_k3,HA,H1N1,HA-H1N1,1,GTA,0.020676491792041413,0.010165882776136535,2.0339100118946427,59483,3,False,True
raw_nonoverlap_k3,HA,H1N1,HA-H1N1,2,CCG,0.007156458366500489,0.0038833848060190823,1.8428401719469343,20588,3,True,False
raw_nonoverlap_k3,HA,H1N1,HA-H1N1,3,CAC,0.013863117960597072,0.007585139908022403,1.8276679535293512,39882,3,False,False
raw_nonoverlap_k3,HA,H1N1,HA-H1N1,4,TAC,0.017835181772234972,0.010813529155701407,1.649339532551395,51309,3,False,True
raw_nonoverlap_k3,HA,H1N1,HA-H1N1,5,CTA,0.018363886511668003,0.011600678696659891,1.5830009957912552,52830,3,False,True
raw_nonoverlap_k3,HA,H1N1,HA-H1N1,6,CTG,0.01930206803154292,0.013111984817646534,1.4720934952176026,55529,3,False,False
raw_nonoverlap_k3,HA,H1N1,HA-H1N1,7,AAG,0.02722568705545873,0.018778726594670087,1.4498153785023284,78324,3,False,False
raw_nonoverlap_k3,HA,H1N1,HA-H1N1,8,ACA,0.037976364360642674,0.027705879041178893,1.3706969532892979,109252,3,False,False
raw_nonoverlap_k3,HA,H1N1,HA-H1N1,9,TAG,0.008989023380498477,0.006786966598901114,1.324453704767045,25860,3,False,True
raw_nonoverlap_k3,HA,H1N1,HA-H1N1,10,GCC,0.010741639617330392,0.008149976791030957,1.3179963053582253,30902,3,False,False
raw_nonoverlap_k3,HA,H3N2,HA-H3N2,1,CGG,0.006807670919572489,0.0026984313835500687,2.5228247189267305,19526,3,True,False
raw_nonoverlap_k3,HA,H3N2,HA-H3N2,2,ACG,0.009796268436860996,0.004634328137121476,2.113848444296246,28098,3,True,False
raw_nonoverlap_k3,HA,H3N2,HA-H3N2,3,CTT,0.012854595247600005,0.008352749542308809,1.5389656595738375,36870,3,False,False
raw_nonoverlap_k3,HA,H3N2,HA-H3N2,4,GCA,0.02642077793486238,0.017942045270725356,1.4725621891841354,75781,3,False,False
raw_nonoverlap_k3,HA,H3N2,HA-H3N2,5,ATC,0.022995675040573732,0.016362836969650414,1.4053598821442725,65957,3,False,False
raw_nonoverlap_k3,HA,H3N2,HA-H3N2,6,TTG,0.02662613070407411,0.01910124996952221,1.3939470114579686,76370,3,False,False
raw_nonoverlap_k3,HA,H3N2,HA-H3N2,7,TGA,0.014206646247605235,0.010767114819074665,1.319447797007738,40748,3,False,False
raw_nonoverlap_k3,HA,H3N2,HA-H3N2,8,ATG,0.03034479392378937,0.023598591913016782,1.2858730618235903,87036,3,False,False
raw_nonoverlap_k3,HA,H3N2,HA-H3N2,9,AAA,0.048381670260630665,0.03848931887842783,1.2570154893214212,138770,3,False,False
raw_nonoverlap_k3,HA,H3N2,HA-H3N2,10,GCG,0.0032835524285841295,0.002612569223908325,1.2568287728825271,9418,3,True,False
raw_nonoverlap_k3,NA,H1N1,NA-H1N1,1,TCG,0.00706811096415461,0.003686834893225407,1.9171213932093716,16759,3,True,False
raw_nonoverlap_k3,NA,H1N1,NA-H1N1,2,AGT,0.023224516168214207,0.012609792498316138,1.8417840998994566,55067,3,False,False
raw_nonoverlap_k3,NA,H1N1,NA-H1N1,3,TAA,0.01852959336536385,0.010235095719503219,1.8103975832544181,43935,3,False,True
raw_nonoverlap_k3,NA,H1N1,NA-H1N1,4,GTG,0.023019545589505506,0.013083476572821266,1.7594363930676016,54581,3,False,False
raw_nonoverlap_k3,NA,H1N1,NA-H1N1,5,TCT,0.019454069720362774,0.011840255860778972,1.6430446525872826,46127,3,False,False
raw_nonoverlap_k3,NA,H1N1,NA-H1N1,6,GGC,0.013130347792053552,0.008641503856482463,1.5194516476147975,31133,3,False,False
raw_nonoverlap_k3,NA,H1N1,NA-H1N1,7,ATA,0.03244945746059166,0.021888290059563095,1.4825030593886563,76940,3,False,True
raw_nonoverlap_k3,NA,H1N1,NA-H1N1,8,CCA,0.019061420319585402,0.013291828648201151,1.4340705398797433,45196,3,False,False
raw_nonoverlap_k3,NA,H1N1,NA-H1N1,9,TTA,0.01263690010256964,0.008872254087632661,1.424316701644957,29963,3,False,True
raw_nonoverlap_k3,NA,H1N1,NA-H1N1,10,GCT,0.015838405581947743,0.011433273986424995,1.3852904439675482,37554,3,False,False
raw_nonoverlap_k3,NA,H3N2,NA-H3N2,1,CGT,0.004656824857010357,0.0012648856003013252,3.681615297293049,11086,3,True,False
raw_nonoverlap_k3,NA,H3N2,NA-H3N2,2,CGC,0.0028513915866305523,0.0010980577118532447,2.596757856251716,6788,3,True,False
raw_nonoverlap_k3,NA,H3N2,NA-H3N2,3,TCC,0.018988974171130543,0.009187362134430997,2.0668580193555823,45205,3,False,False
raw_nonoverlap_k3,NA,H3N2,NA-H3N2,4,GTC,0.014807661287612493,0.007495426710377052,1.9755593489497616,35251,3,False,False
raw_nonoverlap_k3,NA,H3N2,NA-H3N2,5,TGT,0.027864917633933072,0.01471301229191332,1.8938961095922076,66335,3,False,False
raw_nonoverlap_k3,NA,H3N2,NA-H3N2,6,CTC,0.012900152567092555,0.007142919628508545,1.8060054476324385,30710,3,False,False
raw_nonoverlap_k3,NA,H3N2,NA-H3N2,7,AGG,0.020199177347483315,0.011331852088964853,1.7825132561199202,48086,3,False,False
raw_nonoverlap_k3,NA,H3N2,NA-H3N2,8,CCT,0.016097256480740924,0.009677126430281159,1.6634334513742406,38321,3,False,False
raw_nonoverlap_k3,NA,H3N2,NA-H3N2,9,CAT,0.024729143003084948,0.015395109182938854,1.6062986045069196,58870,3,False,False
raw_nonoverlap_k3,NA,H3N2,NA-H3N2,10,TGC,0.019151538776909272,0.01244481834919492,1.538916655961601,45592,3,False,False
raw_nonoverlap_k4,HA,H1N1,HA-H1N1,1,CGCC,0.0006235986417140664,4.0446742146240714e-05,15.41741537659661,1345,4,True,False
raw_nonoverlap_k4,HA,H1N1,HA-H1N1,2,GACT,0.006110803046685051,0.0012531486300460812,4.876356262787504,13180,4,False,False
raw_nonoverlap_k4,HA,H1N1,HA-H1N1,3,CTAC,0.0033831964970911094,0.0008075340899500527,4.189536206160856,7297,4,False,True
raw_nonoverlap_k4,HA,H1N1,HA-H1N1,4,GCCG,0.0006453898210155987,0.00015653414492960692,4.12297711996771,1392,4,True,False
raw_nonoverlap_k4,HA,H1N1,HA-H1N1,5,GTAG,0.004773195551261199,0.0011958928522027015,3.991321255201296,10295,4,False,True
raw_nonoverlap_k4,HA,H1N1,HA-H1N1,6,CCGC,0.001788267629064055,0.0004976174942840524,3.593653872605605,3857,4,True,False
raw_nonoverlap_k4,HA,H1N1,HA-H1N1,7,CGGC,0.0043373719652305505,0.0012169041468241253,3.5642654454623774,9355,4,True,False
raw_nonoverlap_k4,HA,H1N1,HA-H1N1,8,GGTA,0.006683401055991276,0.001988894130039603,3.360359203985882,14415,4,False,True
raw_nonoverlap_k4,HA,H1N1,HA-H1N1,9,ACAC,0.013160481371787191,0.004074790403581445,3.229731553919566,28385,4,False,False
raw_nonoverlap_k4,HA,H1N1,HA-H1N1,10,CCGG,0.004078196024176154,0.0012836150072471457,3.1771160542959356,8796,4,True,False
raw_nonoverlap_k4,HA,H3N2,HA-H3N2,1,TCGC,0.0008445934161710804,8.726975606266843e-05,9.677862943740099,1816,4,True,False
raw_nonoverlap_k4,HA,H3N2,HA-H3N2,2,CGCG,0.0010608576994968252,0.00011157936747090673,9.507574885639551,2281,4,True,False
raw_nonoverlap_k4,HA,H3N2,HA-H3N2,3,CCCG,0.0008059914043086357,8.726975606266843e-05,9.235538233791157,1733,4,True,False
raw_nonoverlap_k4,HA,H3N2,HA-H3N2,4,GCGG,0.001341768725580158,0.00020601958445255191,6.512794481898859,2885,4,True,False
raw_nonoverlap_k4,HA,H3N2,HA-H3N2,5,AACG,0.007023705821043864,0.001390544750409372,5.051043318046967,15102,4,True,False
raw_nonoverlap_k4,HA,H3N2,HA-H3N2,6,GATC,0.007105560689571458,0.0019487913663453192,3.6461358389333807,15278,4,False,False
raw_nonoverlap_k4,HA,H3N2,HA-H3N2,7,CTTT,0.00603075045566652,0.00176200960387051,3.4226533270680135,12967,4,False,False
raw_nonoverlap_k4,HA,H3N2,HA-H3N2,8,ATCG,0.003960194349502615,0.0011724578048980545,3.3776840030187296,8515,4,True,False
raw_nonoverlap_k4,HA,H3N2,HA-H3N2,9,AGCT,0.0053182410318922384,0.0015830978594775042,3.359387191806521,11435,4,False,False
raw_nonoverlap_k4,HA,H3N2,HA-H3N2,10,ACGG,0.003964380109825049,0.0012223012527494783,3.243372169941983,8524,4,True,False
raw_nonoverlap_k4,NA,H1N1,NA-H1N1,1,CCGT,0.0025294061044501227,9.013367858855584e-05,28.062529806050417,4495,4,True,False
raw_nonoverlap_k4,NA,H1N1,NA-H1N1,2,CGAC,0.0029249950903073945,0.00029502772390461725,9.914275639320614,5198,4,True,False
raw_nonoverlap_k4,NA,H1N1,NA-H1N1,3,TTAG,0.006284969250412329,0.0010584550562120574,5.937866020536201,11169,4,False,True
raw_nonoverlap_k4,NA,H1N1,NA-H1N1,4,GGCT,0.009537464752908818,0.0020522240115791405,4.647378186649209,16949,4,False,False
raw_nonoverlap_k4,NA,H1N1,NA-H1N1,5,CGGG,0.006348556100201621,0.0013827064500415616,4.591395743192674,11282,4,True,False
raw_nonoverlap_k4,NA,H1N1,NA-H1N1,6,GCGC,0.00035957519482616876,8.570087472354491e-05,4.195663116893081,639,4,True,False
raw_nonoverlap_k4,NA,H1N1,NA-H1N1,7,GTCG,0.002217099010352277,0.0005585332869913789,3.969496702333152,3940,4,True,False
raw_nonoverlap_k4,NA,H1N1,NA-H1N1,8,TCTT,0.005530930500698611,0.001503377221922415,3.6790020103031975,9829,4,False,False
raw_nonoverlap_k4,NA,H1N1,NA-H1N1,9,CCGA,0.002422490162326536,0.000658681818756441,3.6777810098342534,4305,4,True,False
raw_nonoverlap_k4,NA,H1N1,NA-H1N1,10,AGTG,0.0073310573367688986,0.002180446967822605,3.362179902916781,13028,4,False,False
raw_nonoverlap_k4,NA,H3N2,NA-H3N2,1,CCCC,0.004813421750365757,0.00022057566632917384,21.821994277411594,8587,4,False,False
raw_nonoverlap_k4,NA,H3N2,NA-H3N2,2,CGTT,0.0026738117793460654,0.000149077592668078,17.935591767352424,4770,4,True,False
raw_nonoverlap_k4,NA,H3N2,NA-H3N2,3,ACGT,0.002384569247240705,0.00017258155711298996,13.816982939240637,4254,4,True,False
raw_nonoverlap_k4,NA,H3N2,NA-H3N2,4,TCGT,0.002783679097742675,0.0002115356800042077,13.159325832698634,4966,4,True,False
raw_nonoverlap_k4,NA,H3N2,NA-H3N2,5,GCGT,0.001667068392405702,0.0001268885353249793,13.137958052538671,2974,4,True,False
raw_nonoverlap_k4,NA,H3N2,NA-H3N2,6,TCCG,0.0027023997040308972,0.0002169596717991874,12.455716889244158,4821,4,True,False
raw_nonoverlap_k4,NA,H3N2,NA-H3N2,7,CGCA,0.001728168074575245,0.00028418429737939014,6.081134705107993,3083,4,True,False
raw_nonoverlap_k4,NA,H3N2,NA-H3N2,8,TGCG,0.0010824173052237426,0.00020676914176013465,5.234886894256766,1931,4,True,False
raw_nonoverlap_k4,NA,H3N2,NA-H3N2,9,CGTC,0.0007118953794066044,0.00016666447515483032,4.271408813044578,1270,4,True,False
raw_nonoverlap_k4,NA,H3N2,NA-H3N2,10,CGTA,0.0006799441694647332,0.00016765065548119025,4.055702089628456,1213,4,True,True
raw_nonoverlap_k5,HA,H1N1,HA-H1N1,1,CGCCG,0.00017625487382412198,0.0,176255.87382412195,304,5,True,False
raw_nonoverlap_k5,HA,H1N1,HA-H1N1,2,CGCCA,0.0015370120740386428,2.188420846459299e-06,702.0181051643309,2651,5,True,False
raw_nonoverlap_k5,HA,H1N1,HA-H1N1,3,ACTCG,0.0019179313243756432,3.5014733543348787e-06,547.5936946106644,3308,5,True,False
raw_nonoverlap_k5,HA,H1N1,HA-H1N1,4,CCCGC,0.0002614833818903915,6.565262539377898e-07,397.6789980999469,451,5,True,False
raw_nonoverlap_k5,HA,H1N1,HA-H1N1,5,GTACT,0.0027209346146598833,1.0504420063004637e-05,259.0030287548229,4693,5,False,True
raw_nonoverlap_k5,HA,H1N1,HA-H1N1,6,TACTC,0.0020280906205157193,9.410209639774986e-06,215.49744380831888,3498,5,False,True
raw_nonoverlap_k5,HA,H1N1,HA-H1N1,7,CTCGT,0.001995622617442855,1.6194314263798813e-05,123.22228423215275,3442,5,True,False
raw_nonoverlap_k5,HA,H1N1,HA-H1N1,8,TCGCC,0.00012581351190735023,1.3130525078755796e-06,95.74542200810053,217,5,True,False
raw_nonoverlap_k5,HA,H1N1,HA-H1N1,9,GCGCC,0.000274238668811874,3.2826312696889486e-06,83.51719370666493,473,5,True,False
raw_nonoverlap_k5,HA,H1N1,HA-H1N1,10,CACCG,8.001043614384485e-05,1.3130525078755796e-06,60.88907076719395,138,5,True,False
raw_nonoverlap_k5,HA,H3N2,HA-H3N2,1,CGCGG,0.00028490989288550926,4.3721217775822953e-07,650.166534264368,490,5,True,False
raw_nonoverlap_k5,HA,H3N2,HA-H3N2,2,ACGCG,0.0005512134254193118,8.744243555164591e-07,629.6539751788392,948,5,True,False
raw_nonoverlap_k5,HA,H3N2,HA-H3N2,3,TCGCG,0.00026455918625083,6.558182666373443e-07,402.7905429690254,455,5,True,False
raw_nonoverlap_k5,HA,H3N2,HA-H3N2,4,ATCGC,0.0004360865707431264,2.4046669776702622e-06,181.27512028512353,750,5,True,False
raw_nonoverlap_k5,HA,H3N2,HA-H3N2,5,AACGC,0.0017594639507582674,9.837273999560165e-06,178.8387831886901,3026,5,True,False
raw_nonoverlap_k5,HA,H3N2,HA-H3N2,6,GCGCA,0.001397221372660977,1.2897759243867772e-05,108.32223055292962,2403,5,True,False
raw_nonoverlap_k5,HA,H3N2,HA-H3N2,7,GCACG,0.0006459895734608179,6.558182666373443e-06,98.48644355836863,1111,5,True,False
raw_nonoverlap_k5,HA,H3N2,HA-H3N2,8,ACGAA,0.0012349971683445339,1.4428001866021575e-05,85.5913790719505,2124,5,True,False
raw_nonoverlap_k5,HA,H3N2,HA-H3N2,9,GTGCC,0.0010768431053550269,1.377218359938423e-05,78.18411027376199,1852,5,False,False
raw_nonoverlap_k5,HA,H3N2,HA-H3N2,10,TCCGG,0.0013989657189439496,2.07675784435159e-05,67.3597724923112,2406,5,True,False
raw_nonoverlap_k5,NA,H1N1,NA-H1N1,1,CCGCG,0.0004599767479643919,4.1046951761006584e-07,1117.8902161114531,654,5,True,False
raw_nonoverlap_k5,NA,H1N1,NA-H1N1,2,ACGCC,0.0007553746595011573,2.4628171056603952e-06,306.5875538268448,1074,5,True,False
raw_nonoverlap_k5,NA,H1N1,NA-H1N1,3,CGCAT,0.0004585700912427882,1.8471128292452964e-06,248.12938040695943,652,5,True,False
raw_nonoverlap_k5,NA,H1N1,NA-H1N1,4,GGCCG,0.00011042255264588613,6.157042764150988e-07,179.05430020329698,157,5,True,False
raw_nonoverlap_k5,NA,H1N1,NA-H1N1,5,CGCGT,7.17394928017859e-05,8.209390352201317e-07,87.28201208082588,102,5,True,False
raw_nonoverlap_k5,NA,H1N1,NA-H1N1,6,CCTCT,0.0018110705290646928,2.2781058227358655e-05,79.49551840271404,2575,5,False,False
raw_nonoverlap_k5,NA,H1N1,NA-H1N1,7,TTCGT,0.0004564601061603828,6.362277522956021e-06,71.73364740319178,649,5,True,False
raw_nonoverlap_k5,NA,H1N1,NA-H1N1,8,TTAGC,0.0025530819497106157,4.617782073113241e-05,55.28688063680677,3630,5,False,True
raw_nonoverlap_k5,NA,H1N1,NA-H1N1,9,GCTCG,0.0007321648235946972,1.4161198357547273e-05,51.69859968841022,1041,5,True,False
raw_nonoverlap_k5,NA,H1N1,NA-H1N1,10,CGCCC,0.0001125325377282916,2.257582346855362e-06,49.82485490731508,160,5,True,False
raw_nonoverlap_k5,NA,H3N2,NA-H3N2,1,CCGCT,0.0018881508727795317,1.0274476474325728e-06,1835.9241498516071,2696,5,True,False
raw_nonoverlap_k5,NA,H3N2,NA-H3N2,2,GTCCG,0.0008103080711446284,1.0274476474325728e-06,787.8953033413925,1157,5,True,False
raw_nonoverlap_k5,NA,H3N2,NA-H3N2,3,TACGT,0.001449730084070338,4.52076964870332e-06,320.61144124979216,2070,5,True,True
raw_nonoverlap_k5,NA,H3N2,NA-H3N2,4,GACGT,0.0006107075523233501,5.753706825622408e-06,106.12331276446879,872,5,True,False
raw_nonoverlap_k5,NA,H3N2,NA-H3N2,5,CCCCC,0.002582900748817104,2.6302659774273863e-05,98.19552757990338,3688,5,False,False
raw_nonoverlap_k5,NA,H3N2,NA-H3N2,6,GTAGC,0.0017116619929796646,1.8905036712759338e-05,90.53526230722352,2444,5,False,True
raw_nonoverlap_k5,NA,H3N2,NA-H3N2,7,CGTGT,0.0004601317223353681,6.78115447305498e-06,67.84462432453329,657,5,True,False
raw_nonoverlap_k5,NA,H3N2,NA-H3N2,8,GGCTC,0.004179704899387331,7.35652515561722e-05,56.81553444646935,5968,5,False,False
raw_nonoverlap_k5,NA,H3N2,NA-H3N2,9,TTACG,0.00011065572622372627,2.0548952948651456e-06,53.824105974708544,158,5,True,True
raw_nonoverlap_k5,NA,H3N2,NA-H3N2,10,TAGGC,0.0013411754159394671,2.938500271657158e-05,45.63997454417782,1915,5,False,True
raw_nonoverlap_k6,HA,H1N1,HA-H1N1,1,GGCCTA,0.0021940781462022893,0.0,2194079.146202289,3153,6,False,True
raw_nonoverlap_k6,HA,H1N1,HA-H1N1,2,TCCTAC,0.0011259176785776417,0.0,1125918.6785776415,1618,6,False,True
raw_nonoverlap_k6,HA,H1N1,HA-H1N1,3,CTTCTA,0.0009985734664764623,0.0,998574.4664764621,1435,6,False,True
raw_nonoverlap_k6,HA,H1N1,HA-H1N1,4,AGGGTG,0.0009916147663616437,0.0,991615.7663616436,1425,6,False,False
raw_nonoverlap_k6,HA,H1N1,HA-H1N1,5,CCGATC,0.0006123656101040325,0.0,612366.6101040326,880,6,True,False
raw_nonoverlap_k6,HA,H1N1,HA-H1N1,6,CCACCT,0.0004815420479454438,0.0,481543.0479454438,692,6,False,False
raw_nonoverlap_k6,HA,H1N1,HA-H1N1,7,CTGACG,0.000302703454994607,0.0,302704.454994607,435,6,True,False
raw_nonoverlap_k6,HA,H1N1,HA-H1N1,8,GCCGAC,0.0001878849031001009,0.0,187885.90310010087,270,6,True,False
raw_nonoverlap_k6,HA,H1N1,HA-H1N1,9,TACTTG,0.00010785985177968755,0.0,107860.85177968755,155,6,False,True
raw_nonoverlap_k6,HA,H1N1,HA-H1N1,10,CCTACT,9.811767161894158e-05,0.0,98118.67161894157,141,6,False,True
raw_nonoverlap_k6,HA,H3N2,HA-H3N2,1,GGCGCA,0.001597727428259385,0.0,1597728.4282593848,2288,6,True,False
raw_nonoverlap_k6,HA,H3N2,HA-H3N2,2,GACCAC,0.0013009467652304344,0.0,1300947.7652304342,1863,6,False,False
raw_nonoverlap_k6,HA,H3N2,HA-H3N2,3,CCTAGC,0.001296756920575908,0.0,1296757.920575908,1857,6,False,True
raw_nonoverlap_k6,HA,H3N2,HA-H3N2,4,GCACTC,0.0009029115230504304,0.0,902912.5230504303,1293,6,False,False
raw_nonoverlap_k6,HA,H3N2,HA-H3N2,5,CGGAGC,0.000804450173669061,0.0,804451.1736690609,1152,6,True,False
raw_nonoverlap_k6,HA,H3N2,HA-H3N2,6,GAACGC,0.0005705171804580058,0.0,570518.1804580059,817,6,True,False
raw_nonoverlap_k6,HA,H3N2,HA-H3N2,7,CGATAG,0.0004210793877798991,0.0,421080.3877798991,603,6,True,True
raw_nonoverlap_k6,HA,H3N2,HA-H3N2,8,GCCTGC,0.00028560774395021345,0.0,285608.7439502134,409,6,False,False
raw_nonoverlap_k6,HA,H3N2,HA-H3N2,9,TCTGCG,0.0001682920936234754,0.0,168293.09362347538,241,6,True,False
raw_nonoverlap_k6,HA,H3N2,HA-H3N2,10,CCATGT,0.0001564208671023174,0.0,156421.8671023174,224,6,False,False
raw_nonoverlap_k6,NA,H1N1,NA-H1N1,1,CTAGCG,0.0012974876688021328,0.0,1297488.6688021326,1537,6,True,True
raw_nonoverlap_k6,NA,H1N1,NA-H1N1,2,GGCTCG,0.00016545711326299155,0.0,165458.11326299154,196,6,True,False
raw_nonoverlap_k6,NA,H1N1,NA-H1N1,3,CCACGC,0.00016208043748211417,0.0,162081.43748211415,192,6,True,False
raw_nonoverlap_k6,NA,H1N1,NA-H1N1,4,CAGGCC,0.00016123626853689483,0.0,161237.26853689482,191,6,False,False
raw_nonoverlap_k6,NA,H1N1,NA-H1N1,5,TCCGTG,0.00015448291697514008,0.0,154483.91697514005,183,6,True,False
raw_nonoverlap_k6,NA,H1N1,NA-H1N1,6,TTGACT,0.00015026207224904336,0.0,150263.07224904333,178,6,False,False
raw_nonoverlap_k6,NA,H1N1,NA-H1N1,7,CCGCGT,9.201441502890857e-05,0.0,92015.41502890857,109,6,True,False
raw_nonoverlap_k6,NA,H1N1,NA-H1N1,8,TGTGGT,0.002008277920676821,2.463803037672041e-07,8118.184390971969,2379,6,False,False
raw_nonoverlap_k6,NA,H1N1,NA-H1N1,9,CGCCCT,0.0018453533142494874,2.463803037672041e-07,7459.584640117702,2186,6,True,False
raw_nonoverlap_k6,NA,H1N1,NA-H1N1,10,TCGTCT,0.0018014565290980814,2.463803037672041e-07,7282.138075120697,2134,6,True,False
raw_nonoverlap_k6,NA,H3N2,NA-H3N2,1,TGTCAC,0.00224093497253888,0.0,2240935.97253888,2666,6,False,False
raw_nonoverlap_k6,NA,H3N2,NA-H3N2,2,CGCTTA,0.00171726562224191,0.0,1717266.6222419098,2043,6,True,True
raw_nonoverlap_k6,NA,H3N2,NA-H3N2,3,TGACGT,0.0012095669262878652,0.0,1209567.926287865,1439,6,True,False
raw_nonoverlap_k6,NA,H3N2,NA-H3N2,4,CGATCC,0.0008094600069598431,0.0,809461.0069598431,963,6,True,False
raw_nonoverlap_k6,NA,H3N2,NA-H3N2,5,CGTAGA,0.0006724486039126422,0.0,672449.6039126422,800,6,True,True
raw_nonoverlap_k6,NA,H3N2,NA-H3N2,6,AGTCGT,0.0006413478559816825,0.0,641348.8559816824,763,6,True,False
raw_nonoverlap_k6,NA,H3N2,NA-H3N2,7,ATGCGT,0.00025132766571235,0.0,251328.66571235002,299,6,True,False
raw_nonoverlap_k6,NA,H3N2,NA-H3N2,8,CGTGTG,0.0002479654226927868,0.0,247966.42269278681,295,6,True,False
raw_nonoverlap_k6,NA,H3N2,NA-H3N2,9,TAGGCC,0.00024628430118300523,0.0,246285.30118300524,293,6,False,True
raw_nonoverlap_k6,NA,H3N2,NA-H3N2,10,GGCGGA,0.0002454437404281144,0.0,245444.7404281144,292,6,True,False
raw_overlap_k3,HA,H1N1,HA-H1N1,1,TAC,0.015295642849140253,0.009345833269294085,1.636626908674636,131882,3,False,True
raw_overlap_k3,HA,H1N1,HA-H1N1,2,GTA,0.015046634302127741,0.009465460775861446,1.5896356309313135,129735,3,False,True
raw_overlap_k3,HA,H1N1,HA-H1N1,3,CCG,0.005361512394641085,0.003425497744789427,1.5651774512533558,46228,3,True,False
raw_overlap_k3,HA,H1N1,HA-H1N1,4,CTA,0.01667429426895289,0.010780137297522674,1.5467607936704042,143769,3,False,True
raw_overlap_k3,HA,H1N1,HA-H1N1,5,CAC,0.015478774891866269,0.010089695671038719,1.5341170697724011,133461,3,False,False
raw_overlap_k3,HA,H1N1,HA-H1N1,6,AAA,0.05165750155934789,0.03831732089382415,1.3481501317469127,445401,3,False,False
raw_overlap_k3,HA,H1N1,HA-H1N1,7,AGA,0.02862009367917261,0.021538950072461777,1.328759909565155,246768,3,False,False
raw_overlap_k3,HA,H1N1,HA-H1N1,8,AAG,0.02723320769632416,0.021089558747461472,1.2913123375940645,234810,3,False,False
raw_overlap_k3,HA,H1N1,HA-H1N1,9,ACT,0.016329950358342667,0.012654155608675657,1.2904812120901756,140800,3,False,False
raw_overlap_k3,HA,H1N1,HA-H1N1,10,ATT,0.025263987333154415,0.02034626558348601,1.2417014310458245,217831,3,False,False
raw_overlap_k3,HA,H3N2,HA-H3N2,1,CGG,0.008865961825415694,0.004707466841261582,1.883382558177955,76220,3,True,False
raw_overlap_k3,HA,H3N2,HA-H3N2,2,ACG,0.008094755752173685,0.004668101630651363,1.7340571518334813,69590,3,True,False
raw_overlap_k3,HA,H3N2,HA-H3N2,3,CGC,0.002810772783381591,0.001992010874245779,1.4110226046949716,24164,3,True,False
raw_overlap_k3,HA,H3N2,HA-H3N2,4,GCA,0.02175871276749684,0.016101902008881053,1.3513131805287708,187058,3,False,False
raw_overlap_k3,HA,H3N2,HA-H3N2,5,AGC,0.016108552314758162,0.012408920384167715,1.2981429099317794,138484,3,False,False
raw_overlap_k3,HA,H3N2,HA-H3N2,6,CCT,0.012458176901412646,0.00960681721468653,1.296805833420171,107102,3,False,False
raw_overlap_k3,HA,H3N2,HA-H3N2,7,TGA,0.024039644877632976,0.01910918540388728,1.2580151435826028,206667,3,False,False
raw_overlap_k3,HA,H3N2,HA-H3N2,8,TGC,0.017315030352716854,0.014140071129436443,1.2245362820088352,148856,3,False,False
raw_overlap_k3,HA,H3N2,HA-H3N2,9,TTG,0.025508193395684317,0.02086430518850534,1.2225757312619103,219292,3,False,False
raw_overlap_k3,HA,H3N2,HA-H3N2,10,ATC,0.019707630310562243,0.016284819020849873,1.2101841644752633,169425,3,False,False
raw_overlap_k3,NA,H1N1,NA-H1N1,1,TCG,0.006537256494020484,0.003867467244622785,1.6903196304480836,46456,3,True,False
raw_overlap_k3,NA,H1N1,NA-H1N1,2,TAA,0.024272533911595905,0.014388049047430983,1.68699266624596,172489,3,False,True
raw_overlap_k3,NA,H1N1,NA-H1N1,3,CGT,0.0037624123230718463,0.0023225909345082982,1.6199200846137287,26737,3,True,False
raw_overlap_k3,NA,H1N1,NA-H1N1,4,GGC,0.012669804238325047,0.008470971165183219,1.4956731047233953,90036,3,False,False
raw_overlap_k3,NA,H1N1,NA-H1N1,5,GTG,0.01868541423192935,0.012959255062721001,1.4418586330491916,132785,3,False,False
raw_overlap_k3,NA,H1N1,NA-H1N1,6,TGG,0.032939999394906945,0.022948987094454056,1.4353574222676666,234083,3,False,False
raw_overlap_k3,NA,H1N1,NA-H1N1,7,ATA,0.02521873058513202,0.01883054879469426,1.3392456332973193,179213,3,False,True
raw_overlap_k3,NA,H1N1,NA-H1N1,8,GTC,0.01143020779317638,0.008542624386913273,1.3380206055490496,81227,3,False,False
raw_overlap_k3,NA,H1N1,NA-H1N1,9,GAC,0.017321703351019405,0.012954738240720826,1.337094018579072,123094,3,False,False
raw_overlap_k3,NA,H1N1,NA-H1N1,10,AGT,0.019276857512546885,0.014590115238911551,1.3212272059310868,136988,3,False,False
raw_overlap_k3,NA,H3N2,NA-H3N2,1,CGT,0.004397215251192551,0.002134758956078246,2.0598176570965143,31371,3,True,False
raw_overlap_k3,NA,H3N2,NA-H3N2,2,GTG,0.021204358444738985,0.012213909350872377,1.7360827806652819,151278,3,False,False
raw_overlap_k3,NA,H3N2,NA-H3N2,3,TGT,0.026427444476589675,0.016358907536518422,1.6154773050778415,188541,3,False,False
raw_overlap_k3,NA,H3N2,NA-H3N2,4,AGG,0.020692043831143345,0.013969764933148447,1.4812019707534112,147623,3,False,False
raw_overlap_k3,NA,H3N2,NA-H3N2,5,GTC,0.012227569170182084,0.008305453425490812,1.4722337326484691,87235,3,False,False
raw_overlap_k3,NA,H3N2,NA-H3N2,6,GCT,0.016442285481045902,0.011415733381929874,1.4403178920379076,117304,3,False,False
raw_overlap_k3,NA,H3N2,NA-H3N2,7,TAG,0.014065454043907395,0.010076683843592206,1.3958415155607113,100347,3,False,True
raw_overlap_k3,NA,H3N2,NA-H3N2,8,TCG,0.0055976153471797045,0.0041399828648688,1.3520865128678703,39935,3,True,False
raw_overlap_k3,NA,H3N2,NA-H3N2,9,CCC,0.010141166154211885,0.007772760584248695,1.304705804274597,72350,3,False,False
raw_overlap_k3,NA,H3N2,NA-H3N2,10,CTC,0.012606724034689936,0.009691490764225125,1.3008033583876133,89940,3,False,False
raw_overlap_k4,HA,H1N1,HA-H1N1,1,GCCG,0.002415287389375242,0.00044359621930180744,5.444778019972139,20813,4,True,False
raw_overlap_k4,HA,H1N1,HA-H1N1,2,CTAC,0.004864460519282727,0.0012585793958144128,3.865038368196567,41918,4,False,True
raw_overlap_k4,HA,H1N1,HA-H1N1,3,CGCC,0.0007184473275175191,0.00022214864004940375,3.2340737862899247,6191,4,True,False
raw_overlap_k4,HA,H1N1,HA-H1N1,4,GGTA,0.005185794819055948,0.001803697981781796,2.8750893976405782,44687,4,False,True
raw_overlap_k4,HA,H1N1,HA-H1N1,5,CCGA,0.0025058040935367126,0.0009178638484723689,2.7300371048169043,21593,4,True,False
raw_overlap_k4,HA,H1N1,HA-H1N1,6,TCTA,0.0066619133792276235,0.002746887651545793,2.4252582555462077,57407,4,False,True
raw_overlap_k4,HA,H1N1,HA-H1N1,7,CACA,0.00743060908226042,0.0032627807655382346,2.2773849482497193,64031,4,False,False
raw_overlap_k4,HA,H1N1,HA-H1N1,8,TACT,0.004769069838743331,0.002114968975649836,2.254911839719147,41096,4,False,True
raw_overlap_k4,HA,H1N1,HA-H1N1,9,GTAG,0.0038966280670946945,0.0017332851879830993,2.2481163780742532,33578,4,False,True
raw_overlap_k4,HA,H1N1,HA-H1N1,10,ACAC,0.007063436195123378,0.0032452542456132324,2.1765428789218864,60867,4,False,False
raw_overlap_k4,HA,H3N2,HA-H3N2,1,CGCG,0.0007055462781095363,4.44681238176392e-05,15.866003589431475,6062,4,True,False
raw_overlap_k4,HA,H3N2,HA-H3N2,2,GCGC,0.0005422533998205757,0.00011948619884070376,4.538179864300699,4659,4,True,False
raw_overlap_k4,HA,H3N2,HA-H3N2,3,TACG,0.0021789066104402227,0.0005808429834487104,3.7512786092801527,18721,4,True,True
raw_overlap_k4,HA,H3N2,HA-H3N2,4,GCAC,0.004703603057941388,0.0012834480933350905,3.664815443298103,40413,4,False,False
raw_overlap_k4,HA,H3N2,HA-H3N2,5,CGGA,0.0036456328058767744,0.0012432254498425605,2.93239723651186,31323,4,True,False
raw_overlap_k4,HA,H3N2,HA-H3N2,6,CCGG,0.0029310082351752644,0.001004515659191572,2.91783038972606,25183,4,True,False
raw_overlap_k4,HA,H3N2,HA-H3N2,7,GCCT,0.004008415344456027,0.0014634214448490002,2.7390698827703344,34440,4,False,False
raw_overlap_k4,HA,H3N2,HA-H3N2,8,GATC,0.006926853636042405,0.00253503320031266,2.7324501717523484,59515,4,False,False
raw_overlap_k4,HA,H3N2,HA-H3N2,9,ACGC,0.0014283180344705098,0.0005336612536500735,2.676447555923769,12272,4,True,False
raw_overlap_k4,HA,H3N2,HA-H3N2,10,TGCC,0.005305912854908865,0.00233405128636522,2.2732626367902307,45588,4,False,False
raw_overlap_k4,NA,H1N1,NA-H1N1,1,AGCG,0.0025176920710090834,0.0003552821002328583,7.086441965179167,17879,4,True,False
raw_overlap_k4,NA,H1N1,NA-H1N1,2,CCGT,0.001490562703262551,0.00024730460984174557,6.027213471689477,10585,4,True,False
raw_overlap_k4,NA,H1N1,NA-H1N1,3,CGTC,0.0014460640906757804,0.00029636287602400913,4.879356789619768,10269,4,True,False
raw_overlap_k4,NA,H1N1,NA-H1N1,4,CGTA,0.0007549274116382178,0.00023933366877025553,3.154279384249576,5361,4,True,True
raw_overlap_k4,NA,H1N1,NA-H1N1,5,GCGG,0.0018134592813051611,0.0006051341242314719,2.996785690812899,12878,4,True,False
raw_overlap_k4,NA,H1N1,NA-H1N1,6,GCGT,0.0007899911918094389,0.00029229523083804256,2.7027108407948064,5610,4,True,False
raw_overlap_k4,NA,H1N1,NA-H1N1,7,CGCC,0.0006973326883850876,0.00025921993412386993,2.690113322606358,4952,4,True,False
raw_overlap_k4,NA,H1N1,NA-H1N1,8,TAAT,0.008089594295165212,0.0030352439679081694,2.6652199017532348,57447,4,False,True
raw_overlap_k4,NA,H1N1,NA-H1N1,9,TCTT,0.004060075943360025,0.0015750826081215015,2.577689795275193,28832,4,False,False
raw_overlap_k4,NA,H1N1,NA-H1N1,10,GCCC,0.0030235117431979433,0.001216718958505335,2.4849701215653117,21471,4,False,False
raw_overlap_k4,NA,H3N2,NA-H3N2,1,CGTT,0.0017477201089365446,0.0002526895518197247,6.91644818672686,12460,4,True,False
raw_overlap_k4,NA,H3N2,NA-H3N2,2,CCCC,0.0041953698602160555,0.0008368001876393716,5.013581388491164,29910,4,False,False
raw_overlap_k4,NA,H3N2,NA-H3N2,3,CCGC,0.001420338188049073,0.00029012199397436403,4.895645011076155,10126,4,True,False
raw_overlap_k4,NA,H3N2,NA-H3N2,4,ACGT,0.002187315198937117,0.000528126510794961,4.141644118566502,15594,4,True,False
raw_overlap_k4,NA,H3N2,NA-H3N2,5,AGGC,0.005663118112215413,0.0013869748182089334,4.083069825635795,40374,4,False,False
raw_overlap_k4,NA,H3N2,NA-H3N2,6,TTGT,0.009539942838611653,0.003479078123686908,2.7420887825344495,68013,4,False,False
raw_overlap_k4,NA,H3N2,NA-H3N2,7,GTGT,0.00883510387011999,0.003543618235489797,2.4932432868732883,62988,4,False,False
raw_overlap_k4,NA,H3N2,NA-H3N2,8,ACCT,0.003949763286319756,0.001590878791572172,2.482754704185688,28159,4,False,False
raw_overlap_k4,NA,H3N2,NA-H3N2,9,TGAT,0.007879328202199153,0.003220177254542622,2.4468611919492305,56174,4,False,False
raw_overlap_k4,NA,H3N2,NA-H3N2,10,GCGT,0.0007265802700073275,0.000310319058917142,2.341393181422831,5180,4,True,False
raw_overlap_k5,HA,H1N1,HA-H1N1,1,CGCCG,7.396489210531021e-05,1.7538046709693633e-07,419.35421377844267,637,5,True,False
raw_overlap_k5,HA,H1N1,HA-H1N1,2,CGCCA,0.0005977570872184254,2.060720488389002e-06,289.93168112982414,5148,5,True,False
raw_overlap_k5,HA,H1N1,HA-H1N1,3,ACTCG,0.0005106712644884683,3.0691581741963857e-06,166.33418720263063,4398,5,True,False
raw_overlap_k5,HA,H1N1,HA-H1N1,4,TCGCC,0.0004926735277909439,3.025313057422152e-06,162.79694745480487,4243,5,True,False
raw_overlap_k5,HA,H1N1,HA-H1N1,5,CCCGC,8.685359386934387e-05,9.207474522589157e-07,94.2281897893944,748,5,True,False
raw_overlap_k5,HA,H1N1,HA-H1N1,6,GCCGA,0.0010256387628982812,1.2408168047108246e-05,82.65177480107457,8833,5,True,False
raw_overlap_k5,HA,H1N1,HA-H1N1,7,TCGTG,0.00048396494551794815,6.269851698715474e-06,77.17706760902736,4168,5,True,False
raw_overlap_k5,HA,H1N1,HA-H1N1,8,GCGCC,9.823280803939159e-05,1.7099595541951293e-06,57.41445366053834,846,5,True,False
raw_overlap_k5,HA,H1N1,HA-H1N1,9,GGTAG,0.0014985728375371014,2.6131689597443514e-05,57.34479920060362,12906,5,False,True
raw_overlap_k5,HA,H1N1,HA-H1N1,10,ACACG,0.000260444667177725,5.524484713553495e-06,47.13535204230613,2243,5,True,False
raw_overlap_k5,HA,H3N2,HA-H3N2,1,CGCGG,0.0007050254549824826,1.7518636654147118e-07,4001.594838591168,6054,5,True,False
raw_overlap_k5,HA,H3N2,HA-H3N2,2,ACGCG,0.0004956373201859013,1.0073216076134594e-06,491.5478518396528,4256,5,True,False
raw_overlap_k5,HA,H3N2,HA-H3N2,3,TCGCG,0.0002089223102475345,1.0511181992488272e-06,198.5739913982078,1794,5,True,False
raw_overlap_k5,HA,H3N2,HA-H3N2,4,AACGC,0.0013684760689625295,1.651131504653366e-05,82.8761482024779,11751,5,True,False
raw_overlap_k5,HA,H3N2,HA-H3N2,5,TACGA,0.0006081339487807276,8.803114918708927e-06,69.07394489915485,5222,5,True,True
raw_overlap_k5,HA,H3N2,HA-H3N2,6,ATCGC,0.00022441097650334393,3.2847443726525848e-06,68.29867179295384,1927,5,True,False
raw_overlap_k5,HA,H3N2,HA-H3N2,7,CACGG,0.000573662932151257,8.846911510344295e-06,64.83608380130988,4926,5,True,False
raw_overlap_k5,HA,H3N2,HA-H3N2,8,GTGCC,0.0012651794752113795,2.7854632280093918e-05,45.419197901872714,10864,5,False,False
raw_overlap_k5,HA,H3N2,HA-H3N2,9,GCACG,0.0005983516332507426,1.6379925271627556e-05,36.5274014336122,5138,5,True,False
raw_overlap_k5,HA,H3N2,HA-H3N2,10,CGGCG,3.388873594316195e-05,9.635250159780916e-07,35.13619178533751,291,5,True,False
raw_overlap_k5,NA,H1N1,NA-H1N1,1,GGCCG,0.00023462782601465967,8.222532650238211e-07,285.00199875656807,1665,5,True,False
raw_overlap_k5,NA,H1N1,NA-H1N1,2,TCGTC,0.0006151053817141077,2.6723231113274184e-06,230.09054876598185,4365,5,True,False
raw_overlap_k5,NA,H1N1,NA-H1N1,3,CGCGT,0.00012231648827671146,5.344646222654838e-07,228.4324364123282,868,5,True,False
raw_overlap_k5,NA,H1N1,NA-H1N1,4,CCGTG,0.0010973254541598526,4.9746322533941174e-06,220.5401039056521,7787,5,True,False
raw_overlap_k5,NA,H1N1,NA-H1N1,5,CGCCC,0.0005764939556912749,2.836773764332183e-06,203.15042831715735,4091,5,True,False
raw_overlap_k5,NA,H1N1,NA-H1N1,6,GCGTC,0.0006582261713600452,4.27571697812387e-06,153.90945314524868,4671,5,True,False
raw_overlap_k5,NA,H1N1,NA-H1N1,7,ACGCC,0.0005736756034268345,4.0290409986167236e-06,142.35006632035356,4071,5,True,False
raw_overlap_k5,NA,H1N1,NA-H1N1,8,CCGCG,0.00012809411041881419,1.480055877042878e-06,86.48904636506546,909,5,True,False
raw_overlap_k5,NA,H1N1,NA-H1N1,9,CGGTC,0.00027013906454660815,4.0290409986167236e-06,67.03159214492642,1917,5,True,False
raw_overlap_k5,NA,H1N1,NA-H1N1,10,CGTCC,0.00030029543377611996,4.563505620882207e-06,65.78947617071398,2131,5,True,False
raw_overlap_k5,NA,H3N2,NA-H3N2,1,GGCGG,0.0006133946297510712,2.9223563263643092e-06,209.82581706484376,4370,5,True,False
raw_overlap_k5,NA,H3N2,NA-H3N2,2,CCGCT,0.0006917182460899952,3.869035136313311e-06,178.73720049708484,4928,5,True,False
raw_overlap_k5,NA,H3N2,NA-H3N2,3,GTCCG,0.0006854018254175014,6.79139146267762e-06,100.90743873989112,4883,5,True,False
raw_overlap_k5,NA,H3N2,NA-H3N2,4,CGGCC,0.00033477029564217504,3.910195084571963e-06,85.59309581941042,2385,5,True,False
raw_overlap_k5,NA,H3N2,NA-H3N2,5,GCGAG,0.0002704831696865708,3.2516359124335273e-06,83.1584527037342,1927,5,True,False
raw_overlap_k5,NA,H3N2,NA-H3N2,6,GACGT,0.001111128578743588,1.5023381114408068e-05,73.95509806910036,7916,5,True,False
raw_overlap_k5,NA,H3N2,NA-H3N2,7,CGTTT,0.0007356524609897859,1.6752098941271464e-05,43.91148548508209,5241,5,True,False
raw_overlap_k5,NA,H3N2,NA-H3N2,8,TAGGC,0.0016508316339822308,4.037790924173785e-05,40.883537098516754,11761,5,False,True
raw_overlap_k5,NA,H3N2,NA-H3N2,9,AGGCT,0.0037986953924378127,9.775487711429908e-05,38.85900781183993,27063,5,False,False
raw_overlap_k5,NA,H3N2,NA-H3N2,10,TACGT,0.0004775214028405365,1.3623942873613893e-05,35.04766275132851,3402,5,True,True
raw_overlap_k6,HA,H1N1,HA-H1N1,1,CCCGCC,8.655550229261709e-05,0.0,86556.50229261708,745,6,True,False
raw_overlap_k6,HA,H1N1,HA-H1N1,2,TCGCCG,6.91282199518217e-05,0.0,69129.2199518217,595,6,True,False
raw_overlap_k6,HA,H1N1,HA-H1N1,3,CCACCT,0.0006033325146383362,1.3162191499619811e-07,4549.274640285748,5193,6,False,False
raw_overlap_k6,HA,H1N1,HA-H1N1,4,TCCTAC,0.0008425510102363209,2.1936985832699683e-07,3823.3541403202985,7252,6,False,True
raw_overlap_k6,HA,H1N1,HA-H1N1,5,CCGATC,0.0006200627056854998,1.7549588666159746e-07,3513.1906891086505,5337,6,True,False
raw_overlap_k6,HA,H1N1,HA-H1N1,6,CGCCAA,0.00011618188227196923,4.3873971665399365e-08,2589.0929186808194,1000,6,True,False
raw_overlap_k6,HA,H1N1,HA-H1N1,7,GCCGAC,0.0003394834599986941,1.3162191499619811e-07,2559.7915699560376,2922,6,True,False
raw_overlap_k6,HA,H1N1,HA-H1N1,8,CCAGTC,0.0005534904871436615,2.1936985832699683e-07,2511.647878460586,4764,6,False,False
raw_overlap_k6,HA,H1N1,HA-H1N1,9,GGCCAC,0.0004678644399092201,2.1936985832699683e-07,2123.091803303589,4027,6,False,False
raw_overlap_k6,HA,H1N1,HA-H1N1,10,CGGCTG,0.00043370696652126115,2.6324382999239623e-07,1641.317288406474,3733,6,True,False
raw_overlap_k6,HA,H3N2,HA-H3N2,1,TCGCGG,0.00020869446058949018,0.0,208695.46058949016,1791,6,True,False
raw_overlap_k6,HA,H3N2,HA-H3N2,2,CCTAGC,0.0004036390907213814,4.38253826711895e-08,9004.721581123542,3464,6,False,True
raw_overlap_k6,HA,H3N2,HA-H3N2,3,GCCTGC,0.0011598797658893274,1.314761480135685e-07,8755.393203088375,9954,6,False,False
raw_overlap_k6,HA,H3N2,HA-H3N2,4,CGCGGA,0.0004959260883689951,8.7650765342379e-08,5594.16589866619,4256,6,True,False
raw_overlap_k6,HA,H3N2,HA-H3N2,5,ACGCGG,0.0004958095643820663,8.7650765342379e-08,5592.851482637419,4255,6,True,False
raw_overlap_k6,HA,H3N2,HA-H3N2,6,ATCGCG,0.0002090440325502766,4.38253826711895e-08,4663.541504680462,1794,6,True,False
raw_overlap_k6,HA,H3N2,HA-H3N2,7,CGCGGG,0.00020869446058949018,4.38253826711895e-08,4655.74297759703,1791,6,True,False
raw_overlap_k6,HA,H3N2,HA-H3N2,8,CCTGCC,0.0005825034106570974,1.75301530684758e-07,3304.02355779125,4999,6,False,False
raw_overlap_k6,HA,H3N2,HA-H3N2,9,CCTGCA,0.0005798233589577349,1.75301530684758e-07,3288.8220352125572,4976,6,False,False
raw_overlap_k6,HA,H3N2,HA-H3N2,10,GCGGAG,0.0005361268638594329,2.1912691335594752e-07,2435.5398242127194,4601,6,True,False
raw_overlap_k6,NA,H1N1,NA-H1N1,1,CCGCGT,0.00012212069783658813,0.0,122121.69783658811,866,6,True,False
raw_overlap_k6,NA,H1N1,NA-H1N1,2,GCGTCC,0.00012183866389239277,0.0,121839.66389239277,864,6,True,False
raw_overlap_k6,NA,H1N1,NA-H1N1,3,AGGCGC,5.020204206677295e-05,0.0,50203.04206677295,356,6,True,False
raw_overlap_k6,NA,H1N1,NA-H1N1,4,TCCGTG,0.0005386848334131254,4.113803266244607e-08,12783.839191743016,3820,6,True,False
raw_overlap_k6,NA,H1N1,NA-H1N1,5,CGTAGG,0.0005338902563618045,8.227606532489214e-08,6411.100888098978,3786,6,True,True
raw_overlap_k6,NA,H1N1,NA-H1N1,6,GTTAGC,0.00038455328291036467,8.227606532489214e-08,4617.824838506355,2727,6,False,True
raw_overlap_k6,NA,H1N1,NA-H1N1,7,GTCAGT,0.0011285588276977075,2.4682819597467643e-07,4553.79914807202,8003,6,False,False
raw_overlap_k6,NA,H1N1,NA-H1N1,8,TCGTCT,0.0005578631416184095,1.6455213064978428e-07,3369.7188881159013,3956,6,True,False
raw_overlap_k6,NA,H1N1,NA-H1N1,9,GTGGCG,0.00012550510516693236,4.113803266244607e-08,2978.4519408468946,890,6,True,False
raw_overlap_k6,NA,H1N1,NA-H1N1,10,CCTTGC,0.0010026306716144821,3.702422939620146e-07,2700.7474307791854,7110,6,False,False
raw_overlap_k6,NA,H3N2,NA-H3N2,1,GGCGGA,0.0006122803291565112,0.0,612281.3291565111,4359,6,True,False
raw_overlap_k6,NA,H3N2,NA-H3N2,2,TACGTG,0.00046886711143024414,0.0,468868.1114302441,3338,6,True,True
raw_overlap_k6,NA,H3N2,NA-H3N2,3,GAGGCG,5.3657051098368265e-05,0.0,53658.05109836826,382,6,True,False
raw_overlap_k6,NA,H3N2,NA-H3N2,4,GCACGT,4.32627532416163e-05,0.0,43263.753241616294,308,6,True,False
raw_overlap_k6,NA,H3N2,NA-H3N2,5,AGTCGT,0.00025578400536682884,8.237075215575585e-08,3068.0424339816836,1821,6,True,False
raw_overlap_k6,NA,H3N2,NA-H3N2,6,GTCACG,0.0012133235795489662,4.530391368566571e-07,2672.2907367609146,8638,6,True,False
raw_overlap_k6,NA,H3N2,NA-H3N2,7,CCCCCC,0.001398875842640444,5.35409889012413e-07,2607.85058458919,9959,6,False,False
raw_overlap_k6,NA,H3N2,NA-H3N2,8,TGACGT,0.0006912208074740058,2.882976325451455e-07,2389.3102801874443,4921,6,True,False
raw_overlap_k6,NA,H3N2,NA-H3N2,9,CGCTTA,0.00048754875487548756,2.059268803893896e-07,2356.145098007708,3471,6,True,True
raw_overlap_k6,NA,H3N2,NA-H3N2,10,GCGTTT,0.0006893947821748467,3.7066838470090127e-07,1854.8679698157143,4908,6,True,False
