panel,subtype,protein,codon,amino_acid,n_reliable_sequences,total_count,mean_count,mean_frequency,median_frequency
mvp,H1N1,HA,AAA,K,2354,62075,26.37000849617672,0.04651623908576102,0.047619047619047616
mvp,H1N1,HA,AAC,N,2354,37310,15.849617672047579,0.027960559870940732,0.02821869488536155
mvp,H1N1,HA,AAG,K,2354,35940,15.267629566694987,0.02693116610058789,0.026455026455026454
mvp,H1N1,HA,AAT,N,2354,64992,27.609175870858113,0.048701834893175276,0.04938271604938271
mvp,H1N1,HA,ACA,T,2354,56885,24.165250637213255,0.04262558849897187,0.042328042328042326
mvp,H1N1,HA,ACC,T,2354,6472,2.7493627867459645,0.0048504899960756746,0.003527336860670194
mvp,H1N1,HA,ACG,T,2354,5897,2.5050977060322857,0.004418512314934936,0.005291005291005291
mvp,H1N1,HA,ACT,T,2354,21906,9.305862361937129,0.016414537006949288,0.01763668430335097
mvp,H1N1,HA,AGA,R,2354,32520,13.814783347493627,0.024368102624137654,0.024691358024691357
mvp,H1N1,HA,AGC,S,2354,18045,7.665675446049278,0.013522754763641728,0.012345679012345678
mvp,H1N1,HA,AGG,R,2354,10763,4.572217502124044,0.008066650262538128,0.007054673721340388
mvp,H1N1,HA,AGT,S,2354,13230,5.620220900594733,0.009914783167197183,0.010582010582010581
mvp,H1N1,HA,ATA,I,2354,26950,11.448598130841122,0.02019602384113619,0.021164021164021163
mvp,H1N1,HA,ATC,I,2354,15826,6.72302463891249,0.011859911288893998,0.012345679012345678
mvp,H1N1,HA,ATG,M,2354,17393,7.3887000849617674,0.013034258772812819,0.012345679012345678
mvp,H1N1,HA,ATT,I,2354,40093,17.031860662701785,0.030042257002029466,0.031746031746031744
mvp,H1N1,HA,CAA,Q,2354,18217,7.73874256584537,0.013652007831307874,0.014109347442680775
mvp,H1N1,HA,CAC,H,2354,17610,7.480883602378929,0.013195900086206858,0.014109347442680775
mvp,H1N1,HA,CAG,Q,2354,18498,7.858113848768054,0.013861008499663055,0.014109347442680775
mvp,H1N1,HA,CAT,H,2354,17561,7.460067969413764,0.013159890247516478,0.012345679012345678
mvp,H1N1,HA,CCA,P,2354,22404,9.517417162276976,0.016789748972263367,0.015873015873015872
mvp,H1N1,HA,CCC,P,2354,8705,3.697960917587086,0.006523328388331751,0.007054673721340388
mvp,H1N1,HA,CCG,P,2354,10407,4.420985556499575,0.007797530309438654,0.008818342151675485
mvp,H1N1,HA,CCT,P,2354,4271,1.814358538657604,0.0032010181119232367,0.001763668430335097
mvp,H1N1,HA,CGA,R,2354,45,0.019116397621070518,3.3722929267990526e-05,0.0
mvp,H1N1,HA,CGC,R,2354,11,0.004672897196261682,8.241441263248117e-06,0.0
mvp,H1N1,HA,CGG,R,2354,19,0.008071367884451997,1.4241835295741485e-05,0.0
mvp,H1N1,HA,CGT,R,2354,57,0.024214103653355988,4.273741931018771e-05,0.0
mvp,H1N1,HA,CTA,L,2354,28740,12.209005947323705,0.0215358556609185,0.02292768959435626
mvp,H1N1,HA,CTC,L,2354,10407,4.420985556499575,0.007797581920239107,0.008818342151675485
mvp,H1N1,HA,CTG,L,2354,28532,12.120645709430756,0.021381591729129214,0.021164021164021163
mvp,H1N1,HA,CTT,L,2354,4513,1.9171622769753611,0.003383094833821576,0.001763668430335097
mvp,H1N1,HA,GAA,E,2354,57112,24.261682242990656,0.042798337062257566,0.042328042328042326
mvp,H1N1,HA,GAC,D,2354,29171,12.392098555649957,0.02185833860806323,0.02292768959435626
mvp,H1N1,HA,GAG,E,2354,24570,10.437553101104504,0.0184129176380897,0.01763668430335097
mvp,H1N1,HA,GAT,D,2354,29665,12.60195412064571,0.02222930004120189,0.02120141342756184
mvp,H1N1,HA,GCA,A,2354,38551,16.376805437553102,0.028886791537769303,0.029982363315696647
mvp,H1N1,HA,GCC,A,2354,20787,8.830501274426508,0.015577097509993658,0.015873015873015872
mvp,H1N1,HA,GCG,A,2354,4922,2.090909090909091,0.0036886545682273046,0.003527336860670194
mvp,H1N1,HA,GCT,A,2354,12767,5.423534409515718,0.009567729994552698,0.008818342151675485
mvp,H1N1,HA,GGA,G,2354,32899,13.975785896346643,0.024655095391934247,0.02292768959435626
mvp,H1N1,HA,GGC,G,2354,11325,4.810960067969414,0.008486278088046698,0.008818342151675485
mvp,H1N1,HA,GGG,G,2354,31675,13.455819881053525,0.023735584715600812,0.022968197879858657
mvp,H1N1,HA,GGT,G,2354,19225,8.16694987255735,0.01440632571924921,0.014109347442680775
mvp,H1N1,HA,GTA,V,2354,37621,15.981733220050977,0.028190763959978354,0.02821869488536155
mvp,H1N1,HA,GTC,V,2354,14433,6.131265930331351,0.010816306027046807,0.010582010582010581
mvp,H1N1,HA,GTG,V,2354,18317,7.781223449447748,0.013726222069388283,0.014109347442680775
mvp,H1N1,HA,GTT,V,2354,16926,7.190314358538657,0.012683894269434346,0.012345679012345678
mvp,H1N1,HA,TAA,*,2354,2336,0.9923534409515717,0.0017505031215541537,0.001763668430335097
mvp,H1N1,HA,TAC,Y,2354,30773,13.072642310960068,0.02305853555369164,0.02292768959435626
mvp,H1N1,HA,TAG,*,2354,3,0.001274426508071368,2.248989512730252e-06,0.0
mvp,H1N1,HA,TAT,Y,2354,32535,13.821155480033985,0.024381904811188,0.024691358024691357
mvp,H1N1,HA,TCA,S,2354,38672,16.42820730671198,0.028978075670648015,0.029982363315696647
mvp,H1N1,HA,TCC,S,2354,10249,4.353865760407817,0.0076821061253235816,0.007054673721340388
mvp,H1N1,HA,TCG,S,2354,2457,1.0437553101104502,0.001841068972267503,0.001763668430335097
mvp,H1N1,HA,TCT,S,2354,20231,8.594307561597281,0.015160077353568007,0.015873015873015872
mvp,H1N1,HA,TGA,*,2354,15,0.006372132540356839,1.1250242418301598e-05,0.0
mvp,H1N1,HA,TGC,C,2354,14259,6.057349192863212,0.01068532985498877,0.010582010582010581
mvp,H1N1,HA,TGG,W,2354,23550,10.004248088360239,0.01764752369646406,0.01763668430335097
mvp,H1N1,HA,TGT,C,2354,21329,9.060747663551401,0.015983325391368142,0.015873015873015872
mvp,H1N1,HA,TTA,L,2354,10924,4.6406117247238745,0.0081869089307049,0.008818342151675485
mvp,H1N1,HA,TTC,F,2354,27377,11.62999150382328,0.020515414583843372,0.021164021164021163
mvp,H1N1,HA,TTG,L,2354,25849,10.98088360237893,0.019370641617021234,0.019400352733686066
mvp,H1N1,HA,TTT,F,2354,17647,7.49660152931181,0.01322427817892275,0.012345679012345678
mvp,H1N1,NA,AAA,K,2394,27999,11.69548872180451,0.02487558952153948,0.02553191489361702
mvp,H1N1,NA,AAC,N,2394,36763,15.356307435254804,0.03266497698791899,0.031914893617021274
mvp,H1N1,NA,AAG,K,2394,23109,9.652882205513784,0.02053247271066448,0.02127659574468085
mvp,H1N1,NA,AAT,N,2394,54114,22.604010025062657,0.0480808552862192,0.04893617021276596
mvp,H1N1,NA,ACA,T,2394,24917,10.408103592314118,0.022138694634295485,0.02127659574468085
mvp,H1N1,NA,ACC,T,2394,20099,8.395572263993317,0.01785665740038757,0.01702127659574468
mvp,H1N1,NA,ACG,T,2394,436,0.1821219715956558,0.000387370953896732,0.0
mvp,H1N1,NA,ACT,T,2394,21470,8.968253968253968,0.019075107020134766,0.019148936170212766
mvp,H1N1,NA,AGA,R,2394,24146,10.086048454469507,0.02145317666933319,0.02127659574468085
mvp,H1N1,NA,AGC,S,2394,24090,10.06265664160401,0.021405431858631647,0.02127659574468085
mvp,H1N1,NA,AGG,R,2394,8133,3.3972431077694236,0.007226521190188686,0.006382978723404255
mvp,H1N1,NA,AGT,S,2394,31492,13.154553049289891,0.027980098461869697,0.027659574468085105
mvp,H1N1,NA,ATA,I,2394,50126,20.938178780284044,0.044536874401312564,0.04468085106382979
mvp,H1N1,NA,ATC,I,2394,24220,10.116959064327485,0.02151946693830786,0.02127659574468085
mvp,H1N1,NA,ATG,M,2394,17968,7.505430242272348,0.015964547178281812,0.014893617021276596
mvp,H1N1,NA,ATT,I,2394,33680,14.068504594820384,0.029926588884393812,0.029787234042553193
mvp,H1N1,NA,CAA,Q,2394,19591,8.183375104427736,0.01740535306199472,0.01702127659574468
mvp,H1N1,NA,CAC,H,2394,5225,2.1825396825396823,0.004641780901199332,0.00425531914893617
mvp,H1N1,NA,CAG,Q,2394,14697,6.139097744360902,0.01306119629060619,0.014893617021276596
mvp,H1N1,NA,CAT,H,2394,9897,4.134085213032582,0.008793263816949632,0.00851063829787234
mvp,H1N1,NA,CCA,P,2394,25253,10.548454469507101,0.022439774927563882,0.023404255319148935
mvp,H1N1,NA,CCC,P,2394,7048,2.9440267335004178,0.006262678052147633,0.006382978723404255
mvp,H1N1,NA,CCG,P,2394,4820,2.0133667502088555,0.004281664331763634,0.00425531914893617
mvp,H1N1,NA,CCT,P,2394,15008,6.269005847953216,0.013333700659275267,0.01276595744680851
mvp,H1N1,NA,CGA,R,2394,6630,2.769423558897243,0.005891549555270424,0.006382978723404255
mvp,H1N1,NA,CGC,R,2394,2066,0.8629908103592314,0.001836124942603736,0.002127659574468085
mvp,H1N1,NA,CGG,R,2394,52,0.02172096908939014,4.626965266129242e-05,0.0
mvp,H1N1,NA,CGT,R,2394,338,0.14118629908103592,0.0002998928960382818,0.0
mvp,H1N1,NA,CTA,L,2394,11556,4.827067669172933,0.010268019445222362,0.010638297872340425
mvp,H1N1,NA,CTC,L,2394,2073,0.8659147869674185,0.0018423386216870805,0.002127659574468085
mvp,H1N1,NA,CTG,L,2394,4923,2.056390977443609,0.004374328648503514,0.00425531914893617
mvp,H1N1,NA,CTT,L,2394,1509,0.6303258145363408,0.0013400434258965504,0.0021231422505307855
mvp,H1N1,NA,GAA,E,2394,31853,13.305346700083541,0.028303205433801288,0.029787234042553193
mvp,H1N1,NA,GAC,D,2394,25564,10.678362573099415,0.02271274085569656,0.02127659574468085
mvp,H1N1,NA,GAG,E,2394,16801,7.017961570593149,0.014927192510363941,0.014893617021276596
mvp,H1N1,NA,GAT,D,2394,23844,9.959899749373433,0.021184606883012342,0.02127659574468085
mvp,H1N1,NA,GCA,A,2394,11017,4.601921470342523,0.009786641415643282,0.00851063829787234
mvp,H1N1,NA,GCC,A,2394,6742,2.816207184628237,0.005989773699277944,0.006382978723404255
mvp,H1N1,NA,GCG,A,2394,2092,0.8738512949039264,0.0018592928179556017,0.002127659574468085
mvp,H1N1,NA,GCT,A,2394,20602,8.605680868838764,0.018305068622176273,0.01702127659574468
mvp,H1N1,NA,GGA,G,2394,41537,17.350459482038428,0.03690358440828415,0.036170212765957444
mvp,H1N1,NA,GGC,G,2394,17352,7.2481203007518795,0.015416654007674118,0.014893617021276596
mvp,H1N1,NA,GGG,G,2394,24870,10.388471177944862,0.022098705053872573,0.023404255319148935
mvp,H1N1,NA,GGT,G,2394,23081,9.641186299081037,0.020508991817437098,0.02127659574468085
mvp,H1N1,NA,GTA,V,2394,15710,6.5622389306599835,0.013959840770548428,0.014893617021276596
mvp,H1N1,NA,GTC,V,2394,11606,4.847953216374269,0.010312680341045025,0.010638297872340425
mvp,H1N1,NA,GTG,V,2394,18965,7.921888053467001,0.01685015250902368,0.01702127659574468
mvp,H1N1,NA,GTT,V,2394,20221,8.446532999164578,0.017964520629172906,0.01702127659574468
mvp,H1N1,NA,TAA,*,2394,2060,0.860484544695071,0.001830781188623869,0.002127659574468085
mvp,H1N1,NA,TAC,Y,2394,16442,6.868003341687552,0.014608088761132534,0.014893617021276596
mvp,H1N1,NA,TAG,*,2394,334,0.13951545530492898,0.0002963037929906682,0.0
mvp,H1N1,NA,TAT,Y,2394,16892,7.055973266499582,0.015009218837309962,0.014893617021276596
mvp,H1N1,NA,TCA,S,2394,31767,13.269423558897243,0.02822369021797713,0.027659574468085105
mvp,H1N1,NA,TCC,S,2394,14156,5.913116123642439,0.012579324016361457,0.01276595744680851
mvp,H1N1,NA,TCG,S,2394,6191,2.5860484544695073,0.005501684063969926,0.006382978723404255
mvp,H1N1,NA,TCT,S,2394,23431,9.787385129490392,0.020819553058990116,0.019148936170212766
mvp,H1N1,NA,TGA,*,2394,0,0.0,0.0,0.0
mvp,H1N1,NA,TGC,C,2394,20952,8.75187969924812,0.018616858371506607,0.019148936170212766
mvp,H1N1,NA,TGG,W,2394,38303,15.999582289055974,0.03403247845911524,0.03404255319148936
mvp,H1N1,NA,TGT,C,2394,24218,10.116123642439431,0.021517487847004357,0.02127659574468085
mvp,H1N1,NA,TTA,L,2394,10161,4.2443609022556394,0.009027100390848215,0.00851063829787234
mvp,H1N1,NA,TTC,F,2394,21356,8.920634920634921,0.01897528401930197,0.019148936170212766
mvp,H1N1,NA,TTG,L,2394,12714,5.31077694235589,0.011295431938551493,0.010638297872340425
mvp,H1N1,NA,TTT,F,2394,21205,8.857560568086884,0.018840653934571704,0.019148936170212766
mvp,H3N2,HA,AAA,K,1922,50122,26.078043704474506,0.04599236252880118,0.04409171075837742
mvp,H3N2,HA,AAC,N,1922,36552,19.017689906347556,0.03354044874067129,0.03350970017636684
mvp,H3N2,HA,AAG,K,1922,18960,9.864724245577523,0.01739801738638527,0.019400352733686066
mvp,H3N2,HA,AAT,N,1922,48173,25.063995837669093,0.04420400625095804,0.04409171075837742
mvp,H3N2,HA,ACA,T,1922,23790,12.377731529656607,0.021829911661985304,0.021164021164021163
mvp,H3N2,HA,ACC,T,1922,6308,3.281997918834547,0.005788272678249473,0.005291005291005291
mvp,H3N2,HA,ACG,T,1922,8970,4.667013527575442,0.008230971821755292,0.008818342151675485
mvp,H3N2,HA,ACT,T,1922,23829,12.398022892819979,0.02186565516401796,0.02292768959435626
mvp,H3N2,HA,AGA,R,1922,26186,13.624349635796046,0.02402854311723957,0.024691358024691357
mvp,H3N2,HA,AGC,S,1922,25425,13.22840790842872,0.02333024546922585,0.02292768959435626
mvp,H3N2,HA,AGG,R,1922,16447,8.55723204994797,0.015091948731275128,0.015873015873015872
mvp,H3N2,HA,AGT,S,1922,11562,6.015608740894901,0.010609476119294808,0.010582010582010581
mvp,H3N2,HA,ATA,I,1922,32900,17.11758584807492,0.030189506285976192,0.031746031746031744
mvp,H3N2,HA,ATC,I,1922,33774,17.57232049947971,0.03099132469320517,0.031746031746031744
mvp,H3N2,HA,ATG,M,1922,15837,8.239854318418315,0.014532217282018593,0.014109347442680775
mvp,H3N2,HA,ATT,I,1922,29641,15.421956295525494,0.027198877658899976,0.026455026455026454
mvp,H3N2,HA,CAA,Q,1922,35010,18.215400624349634,0.03212554496124676,0.031746031746031744
mvp,H3N2,HA,CAC,H,1922,11306,5.882414151925078,0.010374502172004972,0.010582010582010581
mvp,H3N2,HA,CAG,Q,1922,11394,5.928199791883455,0.01045522285166179,0.010582010582010581
mvp,H3N2,HA,CAT,H,1922,10303,5.360561914672217,0.009454145353823306,0.008818342151675485
mvp,H3N2,HA,CCA,P,1922,12346,6.423517169614985,0.01132886906525255,0.010582010582010581
mvp,H3N2,HA,CCC,P,1922,8165,4.2481789802289285,0.0074922700438763415,0.007054673721340388
mvp,H3N2,HA,CCG,P,1922,7004,3.644120707596254,0.006426924305258498,0.007054673721340388
mvp,H3N2,HA,CCT,P,1922,10690,5.561914672216441,0.009809276303174172,0.010582010582010581
mvp,H3N2,HA,CGA,R,1922,6992,3.6378772112382936,0.006416007602960398,0.007054673721340388
mvp,H3N2,HA,CGC,R,1922,563,0.29292403746097817,0.0005165888259351942,0.0
mvp,H3N2,HA,CGG,R,1922,2489,1.2950052029136316,0.0022839412444458445,0.001763668430335097
mvp,H3N2,HA,CGT,R,1922,21,0.010926118626430802,1.9270050487532276e-05,0.0
mvp,H3N2,HA,CTA,L,1922,13836,7.198751300728408,0.01269600984640624,0.012345679012345678
mvp,H3N2,HA,CTC,L,1922,4077,2.1212278876170654,0.0037410616321448538,0.003527336860670194
mvp,H3N2,HA,CTG,L,1922,20475,10.65296566077003,0.018788085718638353,0.019400352733686066
mvp,H3N2,HA,CTT,L,1922,18254,9.497398543184183,0.0167500735023987,0.01763668430335097
mvp,H3N2,HA,GAA,E,1922,30713,15.979708636836628,0.028182625894222584,0.02821869488536155
mvp,H3N2,HA,GAC,D,1922,29223,15.204474505723205,0.026815335785535684,0.026455026455026454
mvp,H3N2,HA,GAG,E,1922,23045,11.990114464099896,0.021146341255945496,0.021164021164021163
mvp,H3N2,HA,GAT,D,1922,28146,14.644120707596255,0.02582706027251309,0.026455026455026454
mvp,H3N2,HA,GCA,A,1922,22482,11.697190426638917,0.020629741789976938,0.019400352733686066
mvp,H3N2,HA,GCC,A,1922,15181,7.898543184183143,0.013930218573463441,0.014109347442680775
mvp,H3N2,HA,GCG,A,1922,3768,1.9604578563995838,0.0034575581467426873,0.003527336860670194
mvp,H3N2,HA,GCT,A,1922,18432,9.590010405827263,0.01691341288829184,0.01763668430335097
mvp,H3N2,HA,GGA,G,1922,33474,17.416233090530696,0.030716176101232114,0.029982363315696647
mvp,H3N2,HA,GGC,G,1922,13352,6.946930280957336,0.012251942163451442,0.012345679012345678
mvp,H3N2,HA,GGG,G,1922,19217,9.99843912591051,0.017633669603350513,0.01763668430335097
mvp,H3N2,HA,GGT,G,1922,15328,7.975026014568158,0.014065107571924527,0.014109347442680775
mvp,H3N2,HA,GTA,V,1922,13979,7.27315296566077,0.012827256884467677,0.012345679012345678
mvp,H3N2,HA,GTC,V,1922,3436,1.7877211238293444,0.0031528627804579636,0.001763668430335097
mvp,H3N2,HA,GTG,V,1922,8809,4.5832466181061395,0.00808327494288237,0.008818342151675485
mvp,H3N2,HA,GTT,V,1922,21300,11.082206035379812,0.019545117309298733,0.019400352733686066
mvp,H3N2,HA,TAA,*,1922,27,0.01404786680541103,2.4775779198255783e-05,0.0
mvp,H3N2,HA,TAC,Y,1922,22359,11.633194588969824,0.02051682986797518,0.021164021164021163
mvp,H3N2,HA,TAG,*,1922,1,0.0005202913631633715,9.176214517872513e-07,0.0
mvp,H3N2,HA,TAT,Y,1922,14258,7.418314255983351,0.013083282862269447,0.012345679012345678
mvp,H3N2,HA,TCA,S,1922,24225,12.604058272632674,0.022229160826791373,0.02292768959435626
mvp,H3N2,HA,TCC,S,1922,8221,4.277315296566077,0.007543692559138733,0.007054673721340388
mvp,H3N2,HA,TCG,S,1922,183,0.09521331945889698,0.00016792960664223605,0.0
mvp,H3N2,HA,TCT,S,1922,11662,6.067637877211238,0.01070116938734896,0.010582010582010581
mvp,H3N2,HA,TGA,*,1922,1894,0.9854318418314256,0.001737954604644078,0.001763668430335097
mvp,H3N2,HA,TGC,C,1922,19192,9.985431841831426,0.017610794810229417,0.01763668430335097
mvp,H3N2,HA,TGG,W,1922,21221,11.041103017689906,0.019472620152926525,0.019400352733686066
mvp,H3N2,HA,TGT,C,1922,15497,8.062955254942768,0.01422022110744576,0.014109347442680775
mvp,H3N2,HA,TTA,L,1922,5323,2.7695109261186266,0.004884434713593844,0.005291005291005291
mvp,H3N2,HA,TTC,F,1922,25631,13.335587929240374,0.023519206301600894,0.02292768959435626
mvp,H3N2,HA,TTG,L,1922,21588,11.232049947970864,0.01980934540084244,0.019400352733686066
mvp,H3N2,HA,TTT,F,1922,17219,8.958896982310094,0.015800383364469303,0.015873015873015872
mvp,H3N2,NA,AAA,K,2053,31239,15.21626887481734,0.032376610220017664,0.031914893617021274
mvp,H3N2,NA,AAC,N,2053,30352,14.784218217243058,0.031457260352121756,0.031914893617021274
mvp,H3N2,NA,AAG,K,2053,17321,8.436921578178275,0.01795166759957753,0.01702127659574468
mvp,H3N2,NA,AAT,N,2053,32607,15.88261081344374,0.0337943124793836,0.03404255319148936
mvp,H3N2,NA,ACA,T,2053,30491,14.851924013638577,0.03160133962095306,0.031914893617021274
mvp,H3N2,NA,ACC,T,2053,20658,10.062347783731125,0.02141018757375039,0.02127659574468085
mvp,H3N2,NA,ACG,T,2053,6075,2.959084266926449,0.006296216281662206,0.006382978723404255
mvp,H3N2,NA,ACT,T,2053,18170,8.850462737457379,0.018831681818279458,0.019148936170212766
mvp,H3N2,NA,AGA,R,2053,18934,9.222601071602533,0.0196235319421598,0.019148936170212766
mvp,H3N2,NA,AGC,S,2053,17223,8.389186556259133,0.017850176767380016,0.01702127659574468
mvp,H3N2,NA,AGG,R,2053,15090,7.35021919142718,0.01563943753875707,0.014893617021276596
mvp,H3N2,NA,AGT,S,2053,13582,6.615684364344861,0.01407657972751924,0.014893617021276596
mvp,H3N2,NA,ATA,I,2053,37214,18.126643935703846,0.03856912781242534,0.03829787234042553
mvp,H3N2,NA,ATC,I,2053,15196,7.401850949829518,0.01574932327078737,0.014893617021276596
mvp,H3N2,NA,ATG,M,2053,14658,7.139795421334632,0.01519178045161292,0.014893617021276596
mvp,H3N2,NA,ATT,I,2053,25157,12.253774963468095,0.0260730286525775,0.02553191489361702
mvp,H3N2,NA,CAA,Q,2053,16353,7.965416463711642,0.016948482991430085,0.01702127659574468
mvp,H3N2,NA,CAC,H,2053,2181,1.0623477837311253,0.0022604162988781344,0.002127659574468085
mvp,H3N2,NA,CAG,Q,2053,8309,4.047247929858743,0.00861154665833489,0.00851063829787234
mvp,H3N2,NA,CAT,H,2053,19249,9.37603507062835,0.01995000285027045,0.019148936170212766
mvp,H3N2,NA,CCA,P,2053,7766,3.782756941061861,0.008048779938883161,0.00851063829787234
mvp,H3N2,NA,CCC,P,2053,8367,4.075499269361909,0.008671660377078168,0.00851063829787234
mvp,H3N2,NA,CCG,P,2053,2079,1.0126643935703847,0.0021547003194599132,0.002127659574468085
mvp,H3N2,NA,CCT,P,2053,20881,10.170969313200194,0.021641252741376026,0.02127659574468085
mvp,H3N2,NA,CGA,R,2053,2090,1.0180224062347785,0.002166102556141222,0.002127659574468085
mvp,H3N2,NA,CGC,R,2053,1934,0.9420360448124696,0.002004429446732055,0.002127659574468085
mvp,H3N2,NA,CGG,R,2053,5428,2.6439357038480273,0.005625671889551624,0.006382978723404255
mvp,H3N2,NA,CGT,R,2053,1938,0.9439844130540672,0.0020085349748701145,0.002127659574468085
mvp,H3N2,NA,CTA,L,2053,6595,3.2123721383341453,0.006835062403364327,0.006382978723404255
mvp,H3N2,NA,CTC,L,2053,7725,3.7627861665854847,0.00800630891159622,0.00851063829787234
mvp,H3N2,NA,CTG,L,2053,7801,3.79980516317584,0.008085083782867996,0.00851063829787234
mvp,H3N2,NA,CTT,L,2053,8759,4.266439357038481,0.009077973364293657,0.00851063829787234
mvp,H3N2,NA,GAA,E,2053,30612,14.910862152946907,0.031726629336192254,0.031914893617021274
mvp,H3N2,NA,GAC,D,2053,19080,9.293716512420847,0.019774722074663187,0.019148936170212766
mvp,H3N2,NA,GAG,E,2053,21160,10.306867998051631,0.021930454160828654,0.02127659574468085
mvp,H3N2,NA,GAT,D,2053,30548,14.879688261081345,0.03166034837712454,0.031914893617021274
mvp,H3N2,NA,GCA,A,2053,10431,5.080857282026303,0.010810861704375637,0.010638297872340425
mvp,H3N2,NA,GCC,A,2053,6184,3.0121773015099853,0.0064091801850314324,0.006382978723404255
mvp,H3N2,NA,GCG,A,2053,2161,1.0526059425231369,0.002239682338508322,0.002127659574468085
mvp,H3N2,NA,GCT,A,2053,10391,5.061373599610326,0.01076935607605267,0.010638297872340425
mvp,H3N2,NA,GGA,G,2053,30238,14.728689722357526,0.03133914351559723,0.031914893617021274
mvp,H3N2,NA,GGC,G,2053,14945,7.279590842669265,0.015489208527820975,0.014893617021276596
mvp,H3N2,NA,GGG,G,2053,15906,7.747686312713102,0.016485140915491442,0.01702127659574468
mvp,H3N2,NA,GGT,G,2053,18434,8.979055041402825,0.019105202924169905,0.019148936170212766
mvp,H3N2,NA,GTA,V,2053,12700,6.186069167072577,0.013162352065447405,0.01276595744680851
mvp,H3N2,NA,GTC,V,2053,12282,5.982464685825621,0.01272924178251686,0.01276595744680851
mvp,H3N2,NA,GTG,V,2053,22118,10.773502191914272,0.022923410251948943,0.023404255319148935
mvp,H3N2,NA,GTT,V,2053,25080,12.21626887481734,0.025993290355083135,0.02553191489361702
mvp,H3N2,NA,TAA,*,2053,2032,0.9897710667316123,0.0021059933231557626,0.002127659574468085
mvp,H3N2,NA,TAC,Y,2053,4461,2.1729176814417923,0.004623461652003043,0.00425531914893617
mvp,H3N2,NA,TAG,*,2053,21,0.010228933268387726,2.1763687805080267e-05,0.0
mvp,H3N2,NA,TAT,Y,2053,24277,11.82513395031661,0.02516096447312004,0.02553191489361702
mvp,H3N2,NA,TCA,S,2053,25557,12.448611787627861,0.02648752422526353,0.027659574468085105
mvp,H3N2,NA,TCC,S,2053,22878,11.143692157817828,0.023711026389481877,0.023404255319148935
mvp,H3N2,NA,TCG,S,2053,2248,1.094982951777886,0.0023298528266371995,0.002127659574468085
mvp,H3N2,NA,TCT,S,2053,12078,5.88309790550414,0.012517880534860708,0.01276595744680851
mvp,H3N2,NA,TGA,*,2053,0,0.0,0.0,0.0
mvp,H3N2,NA,TGC,C,2053,21033,10.245007306380906,0.02179887118470706,0.02127659574468085
mvp,H3N2,NA,TGG,W,2053,22695,11.054554310764734,0.02352140012219636,0.023404255319148935
mvp,H3N2,NA,TGT,C,2053,22213,10.819775937652217,0.023021858305987904,0.023404255319148935
mvp,H3N2,NA,TTA,L,2053,3329,1.6215294690696542,0.003450211130968993,0.0021321961620469083
mvp,H3N2,NA,TTC,F,2053,18466,8.994641987335607,0.019138481648936775,0.019148936170212766
mvp,H3N2,NA,TTG,L,2053,17593,8.569410618606916,0.018233647743812753,0.019148936170212766
mvp,H3N2,NA,TTT,F,2053,12293,5.987822698490015,0.012740566546117228,0.01276595744680851
smoke,H1N1,HA,AAA,K,74,1925,26.013513513513512,0.0458980771112691,0.04585537918871252
smoke,H1N1,HA,AAC,N,74,1223,16.527027027027028,0.02916390224988576,0.02821869488536155
smoke,H1N1,HA,AAG,K,74,1090,14.72972972972973,0.0259870336430996,0.026455026455026454
smoke,H1N1,HA,AAT,N,74,2007,27.12162162162162,0.04785237029053283,0.047619047619047616
smoke,H1N1,HA,ACA,T,74,1723,23.283783783783782,0.041078854388630584,0.042328042328042326
smoke,H1N1,HA,ACC,T,74,228,3.081081081081081,0.00543750043161115,0.005291005291005291
smoke,H1N1,HA,ACG,T,74,171,2.310810810810811,0.00407630413519695,0.005291005291005291
smoke,H1N1,HA,ACT,T,74,653,8.824324324324325,0.015567898371196365,0.015873015873015872
smoke,H1N1,HA,AGA,R,74,971,13.121621621621621,0.02314985353854612,0.024691358024691357
smoke,H1N1,HA,AGC,S,74,588,7.945945945945946,0.014021130334440112,0.014109347442680775
smoke,H1N1,HA,AGG,R,74,396,5.351351351351352,0.009444704674386652,0.007054673721340388
smoke,H1N1,HA,AGT,S,74,445,6.013513513513513,0.01061203387469583,0.010582010582010581
smoke,H1N1,HA,ATA,I,74,870,11.756756756756756,0.02074525307740855,0.021164021164021163
smoke,H1N1,HA,ATC,I,74,503,6.797297297297297,0.01199432648195899,0.01146384479717813
smoke,H1N1,HA,ATG,M,74,565,7.635135135135135,0.013472752577581787,0.012345679012345678
smoke,H1N1,HA,ATT,I,74,1198,16.18918918918919,0.028560615133053295,0.031746031746031744
smoke,H1N1,HA,CAA,Q,74,612,8.27027027027027,0.014594015182943334,0.014109347442680775
smoke,H1N1,HA,CAC,H,74,548,7.405405405405405,0.013065395868693866,0.012367491166077738
smoke,H1N1,HA,CAG,Q,74,545,7.364864864864865,0.012993306279525359,0.014109347442680775
smoke,H1N1,HA,CAT,H,74,554,7.486486486486487,0.01320995402267487,0.012345679012345678
smoke,H1N1,HA,CCA,P,74,737,9.95945945945946,0.017574616514545845,0.015873015873015872
smoke,H1N1,HA,CCC,P,74,279,3.77027027027027,0.0066526647798732606,0.007054673721340388
smoke,H1N1,HA,CCG,P,74,287,3.8783783783783785,0.006840889349723271,0.008818342151675485
smoke,H1N1,HA,CCT,P,74,154,2.081081081081081,0.003672947724773402,0.003527336860670194
smoke,H1N1,HA,CGA,R,74,0,0.0,0.0,0.0
smoke,H1N1,HA,CGC,R,74,0,0.0,0.0,0.0
smoke,H1N1,HA,CGG,R,74,0,0.0,0.0,0.0
smoke,H1N1,HA,CGT,R,74,1,0.013513513513513514,2.3833357166690497e-05,0.0
smoke,H1N1,HA,CTA,L,74,883,11.932432432432432,0.021052602324687128,0.021164021164021163
smoke,H1N1,HA,CTC,L,74,281,3.7972972972972974,0.006697973423532905,0.008818342151675485
smoke,H1N1,HA,CTG,L,74,914,12.35135135135135,0.021794257659982042,0.021164021164021163
smoke,H1N1,HA,CTT,L,74,187,2.527027027027027,0.00446100652225505,0.003527336860670194
smoke,H1N1,HA,GAA,E,74,1816,24.54054054054054,0.04330078858936338,0.04240282685512368
smoke,H1N1,HA,GAC,D,74,885,11.95945945945946,0.021099005786873865,0.02292768959435626
smoke,H1N1,HA,GAG,E,74,814,11.0,0.01941117459374232,0.01763668430335097
smoke,H1N1,HA,GAT,D,74,900,12.162162162162161,0.02145823258897464,0.021164021164021163
smoke,H1N1,HA,GCA,A,74,1140,15.405405405405405,0.027177859333336364,0.02821869488536155
smoke,H1N1,HA,GCC,A,74,677,9.14864864864865,0.016142678097919555,0.015873015873015872
smoke,H1N1,HA,GCG,A,74,163,2.2027027027027026,0.0038871110720345107,0.003527336860670194
smoke,H1N1,HA,GCT,A,74,419,5.662162162162162,0.009991482311859225,0.008818342151675485
smoke,H1N1,HA,GGA,G,74,1109,14.986486486486486,0.026446015256380392,0.024691358024691357
smoke,H1N1,HA,GGC,G,74,340,4.594594594594595,0.008106120591397386,0.008818342151675485
smoke,H1N1,HA,GGG,G,74,983,13.283783783783784,0.02343770659436148,0.02292768959435626
smoke,H1N1,HA,GGT,G,74,596,8.054054054054054,0.014210239180792771,0.014109347442680775
smoke,H1N1,HA,GTA,V,74,1144,15.45945945945946,0.02727487709819865,0.02821869488536155
smoke,H1N1,HA,GTC,V,74,474,6.405405405405405,0.01130332755774452,0.010582010582010581
smoke,H1N1,HA,GTG,V,74,585,7.905405405405405,0.013948830203247163,0.014109347442680775
smoke,H1N1,HA,GTT,V,74,537,7.256756756756757,0.012804113216362923,0.012345679012345678
smoke,H1N1,HA,TAA,*,74,72,0.972972972972973,0.0017166754504799263,0.001763668430335097
smoke,H1N1,HA,TAC,Y,74,911,12.31081081081081,0.021718294097563824,0.02292768959435626
smoke,H1N1,HA,TAG,*,74,0,0.0,0.0,0.0
smoke,H1N1,HA,TAT,Y,74,1071,14.472972972972974,0.02553925286551906,0.024691358024691357
smoke,H1N1,HA,TCA,S,74,1164,15.72972972972973,0.027751544241532464,0.029982363315696647
smoke,H1N1,HA,TCC,S,74,392,5.297297297297297,0.00935055028105676,0.007054673721340388
smoke,H1N1,HA,TCG,S,74,77,1.0405405405405406,0.0018355053690742734,0.001763668430335097
smoke,H1N1,HA,TCT,S,74,621,8.391891891891891,0.014806241543579589,0.015003645745695215
smoke,H1N1,HA,TGA,*,74,2,0.02702702702702703,4.775093114315729e-05,0.0
smoke,H1N1,HA,TGC,C,74,440,5.945945945945946,0.01049118275266685,0.010582010582010581
smoke,H1N1,HA,TGG,W,74,742,10.027027027027026,0.017692014747373988,0.01763668430335097
smoke,H1N1,HA,TGT,C,74,690,9.324324324324325,0.016452638066301196,0.015873015873015872
smoke,H1N1,HA,TTA,L,74,380,5.135135135135135,0.009062486683216955,0.008818342151675485
smoke,H1N1,HA,TTC,F,74,861,11.635135135135135,0.020529615935976363,0.021164021164021163
smoke,H1N1,HA,TTG,L,74,827,11.175675675675675,0.019719239683904,0.019400352733686066
smoke,H1N1,HA,TTT,F,74,570,7.702702702702703,0.013591371954151693,0.014109347442680775
smoke,H1N1,NA,AAA,K,80,989,12.3625,0.026283823462980534,0.027600849256900213
smoke,H1N1,NA,AAC,N,80,1184,14.8,0.03147134887292767,0.03184713375796178
smoke,H1N1,NA,AAG,K,80,778,9.725,0.02067821972263631,0.02127659574468085
smoke,H1N1,NA,AAT,N,80,1790,22.375,0.047577302705877046,0.04883227176220807
smoke,H1N1,NA,ACA,T,80,834,10.425,0.022166113294484348,0.02127659574468085
smoke,H1N1,NA,ACC,T,80,697,8.7125,0.018523060938699914,0.01702127659574468
smoke,H1N1,NA,ACG,T,80,22,0.275,0.000584993449880291,0.0
smoke,H1N1,NA,ACT,T,80,763,9.5375,0.020277081357004113,0.019148936170212766
smoke,H1N1,NA,AGA,R,80,823,10.2875,0.02187378596919185,0.02127659574468085
smoke,H1N1,NA,AGC,S,80,769,9.6125,0.020441511948321816,0.02127659574468085
smoke,H1N1,NA,AGG,R,80,268,3.35,0.007123198717080001,0.006382978723404255
smoke,H1N1,NA,AGT,S,80,1065,13.3125,0.02830549532456972,0.027659574468085105
smoke,H1N1,NA,ATA,I,80,1671,20.8875,0.0444128608212495,0.04468085106382979
smoke,H1N1,NA,ATC,I,80,814,10.175,0.021634480733613407,0.02127659574468085
smoke,H1N1,NA,ATG,M,80,591,7.3875,0.015708090527171703,0.014893617021276596
smoke,H1N1,NA,ATT,I,80,1075,13.4375,0.028576026561864747,0.029787234042553193
smoke,H1N1,NA,CAA,Q,80,680,8.5,0.018071102678773092,0.01702127659574468
smoke,H1N1,NA,CAC,H,80,197,2.4625,0.005234618511993494,0.00425531914893617
smoke,H1N1,NA,CAG,Q,80,413,5.1625,0.010982574422911865,0.014893617021276596
smoke,H1N1,NA,CAT,H,80,346,4.325,0.009195238740570086,0.00851063829787234
smoke,H1N1,NA,CCA,P,80,777,9.7125,0.02065642363463884,0.023404255319148935
smoke,H1N1,NA,CCC,P,80,228,2.85,0.006060780593576366,0.006382978723404255
smoke,H1N1,NA,CCG,P,80,188,2.35,0.004994805077472106,0.00425531914893617
smoke,H1N1,NA,CCT,P,80,526,6.575,0.01397885892397344,0.01276595744680851
smoke,H1N1,NA,CGA,R,80,206,2.575,0.005476577675385103,0.006382978723404255
smoke,H1N1,NA,CGC,R,80,56,0.7,0.0014893617021276594,0.002127659574468085
smoke,H1N1,NA,CGG,R,80,4,0.05,0.00010632651217418801,0.0
smoke,H1N1,NA,CGT,R,80,25,0.3125,0.0006635384198400868,0.0
smoke,H1N1,NA,CTA,L,80,374,4.675,0.009941387721913539,0.010638297872340425
smoke,H1N1,NA,CTC,L,80,56,0.7,0.0014893617021276594,0.002127659574468085
smoke,H1N1,NA,CTG,L,80,164,2.05,0.004358878800198762,0.00425531914893617
smoke,H1N1,NA,CTT,L,80,67,0.8375,0.0017792044992546413,0.002127659574468085
smoke,H1N1,NA,GAA,E,80,1026,12.825,0.027273343271445993,0.029787234042553193
smoke,H1N1,NA,GAC,D,80,887,11.0875,0.023573316167502377,0.023404255319148935
smoke,H1N1,NA,GAG,E,80,566,7.075,0.015042632244658263,0.014893617021276596
smoke,H1N1,NA,GAT,D,80,832,10.4,0.02211122780864616,0.02127659574468085
smoke,H1N1,NA,GCA,A,80,425,5.3125,0.011292406378461399,0.00851063829787234
smoke,H1N1,NA,GCC,A,80,238,2.975,0.006324535844965442,0.006382978723404255
smoke,H1N1,NA,GCG,A,80,56,0.7,0.0014893617021276594,0.002127659574468085
smoke,H1N1,NA,GCT,A,80,687,8.5875,0.0182602091520983,0.01702127659574468
smoke,H1N1,NA,GGA,G,80,1442,18.025,0.03832226588968694,0.036170212765957444
smoke,H1N1,NA,GGC,G,80,591,7.3875,0.015706848263088942,0.014893617021276596
smoke,H1N1,NA,GGG,G,80,783,9.7875,0.020814529972444328,0.023404255319148935
smoke,H1N1,NA,GGT,G,80,752,9.4,0.019989271355648913,0.02127659574468085
smoke,H1N1,NA,GTA,V,80,480,6.0,0.0127607060577314,0.014893617021276596
smoke,H1N1,NA,GTC,V,80,356,4.45,0.009463624248994894,0.00851063829787234
smoke,H1N1,NA,GTG,V,80,653,8.1625,0.017354937435063465,0.01702127659574468
smoke,H1N1,NA,GTT,V,80,750,9.375,0.019929812079324205,0.019148936170212766
smoke,H1N1,NA,TAA,*,80,58,0.725,0.0015424402583909293,0.002127659574468085
smoke,H1N1,NA,TAC,Y,80,579,7.2375,0.01538820752586168,0.014893617021276596
smoke,H1N1,NA,TAG,*,80,22,0.275,0.0005838641188959661,0.0
smoke,H1N1,NA,TAT,Y,80,528,6.6,0.014034252608754575,0.014861995753715499
smoke,H1N1,NA,TCA,S,80,1097,13.7125,0.02915446989203595,0.027659574468085105
smoke,H1N1,NA,TCC,S,80,425,5.3125,0.011299069431268918,0.01276595744680851
smoke,H1N1,NA,TCG,S,80,177,2.2125,0.004705865745132583,0.00425531914893617
smoke,H1N1,NA,TCT,S,80,768,9.6,0.020414633870894882,0.019148936170212766
smoke,H1N1,NA,TGA,*,80,0,0.0,0.0,0.0
smoke,H1N1,NA,TGC,C,80,661,8.2625,0.017570921985815606,0.019148936170212766
smoke,H1N1,NA,TGG,W,80,1280,16.0,0.03402087003659032,0.03404255319148936
smoke,H1N1,NA,TGT,C,80,834,10.425,0.02216532276279532,0.02127659574468085
smoke,H1N1,NA,TTA,L,80,361,4.5125,0.009592819713601663,0.00851063829787234
smoke,H1N1,NA,TTC,F,80,700,8.75,0.018606236165695438,0.019148936170212766
smoke,H1N1,NA,TTG,L,80,458,5.725,0.012171647016307541,0.010638297872340425
smoke,H1N1,NA,TTT,F,80,712,8.9,0.01892391697158603,0.019148936170212766
smoke,H3N2,HA,AAA,K,86,2253,26.197674418604652,0.04620401132029039,0.04585537918871252
smoke,H3N2,HA,AAC,N,86,1635,19.011627906976745,0.03353020794881261,0.03350970017636684
smoke,H3N2,HA,AAG,K,86,835,9.709302325581396,0.017123989992207045,0.019400352733686066
smoke,H3N2,HA,AAT,N,86,2146,24.953488372093023,0.0440096796685944,0.04409171075837742
smoke,H3N2,HA,ACA,T,86,1064,12.372093023255815,0.021820269882285387,0.021164021164021163
smoke,H3N2,HA,ACC,T,86,292,3.395348837209302,0.005988269554161027,0.005291005291005291
smoke,H3N2,HA,ACG,T,86,404,4.6976744186046515,0.0082851400680858,0.008818342151675485
smoke,H3N2,HA,ACT,T,86,1065,12.383720930232558,0.021840777654731136,0.02292768959435626
smoke,H3N2,HA,AGA,R,86,1182,13.744186046511627,0.02424018703088471,0.024691358024691357
smoke,H3N2,HA,AGC,S,86,1149,13.36046511627907,0.023563430540174728,0.02292768959435626
smoke,H3N2,HA,AGG,R,86,731,8.5,0.014991181657848324,0.015873015873015872
smoke,H3N2,HA,AGT,S,86,513,5.965116279069767,0.010520487264673313,0.010582010582010581
smoke,H3N2,HA,ATA,I,86,1457,16.941860465116278,0.029879824453467856,0.031746031746031744
smoke,H3N2,HA,ATC,I,86,1517,17.63953488372093,0.031110290800213276,0.031746031746031744
smoke,H3N2,HA,ATG,M,86,714,8.30232558139535,0.014642549526270452,0.014109347442680775
smoke,H3N2,HA,ATT,I,86,1324,15.395348837209303,0.027152290718182193,0.026455026455026454
smoke,H3N2,HA,CAA,Q,86,1576,18.325581395348838,0.03232024937451293,0.031746031746031744
smoke,H3N2,HA,CAC,H,86,503,5.848837209302325,0.01031540954021574,0.010582010582010581
smoke,H3N2,HA,CAG,Q,86,509,5.9186046511627906,0.010438456174890282,0.010582010582010581
smoke,H3N2,HA,CAT,H,86,459,5.337209302325581,0.009413067552602433,0.008818342151675485
smoke,H3N2,HA,CCA,P,86,537,6.244186046511628,0.01101267380337148,0.010582010582010581
smoke,H3N2,HA,CCC,P,86,373,4.337209302325581,0.007649399122267338,0.007054673721340388
smoke,H3N2,HA,CCG,P,86,321,3.7325581395348837,0.0065829949550879775,0.007054673721340388
smoke,H3N2,HA,CCT,P,86,470,5.465116279069767,0.009638653049505763,0.010582010582010581
smoke,H3N2,HA,CGA,R,86,305,3.546511627906977,0.006254870595955866,0.007054673721340388
smoke,H3N2,HA,CGC,R,86,30,0.3488372093023256,0.0006152331733727082,0.0
smoke,H3N2,HA,CGG,R,86,115,1.3372093023255813,0.002358393831262048,0.001763668430335097
smoke,H3N2,HA,CGT,R,86,0,0.0,0.0,0.0
smoke,H3N2,HA,CTA,L,86,622,7.232558139534884,0.012755834461260818,0.012345679012345678
smoke,H3N2,HA,CTC,L,86,186,2.1627906976744184,0.003814445674910791,0.003527336860670194
smoke,H3N2,HA,CTG,L,86,903,10.5,0.018518518518518514,0.019400352733686066
smoke,H3N2,HA,CTT,L,86,820,9.534883720930232,0.016816373405520682,0.01763668430335097
smoke,H3N2,HA,GAA,E,86,1374,15.976744186046512,0.02817767934047003,0.02821869488536155
smoke,H3N2,HA,GAC,D,86,1323,15.383720930232558,0.027131782945736437,0.026455026455026454
smoke,H3N2,HA,GAG,E,86,1032,12.0,0.021164021164021163,0.021164021164021163
smoke,H3N2,HA,GAT,D,86,1255,14.593023255813954,0.02573725441942497,0.026455026455026454
smoke,H3N2,HA,GCA,A,86,1001,11.63953488372093,0.020528280218202702,0.021164021164021163
smoke,H3N2,HA,GCC,A,86,689,8.011627906976743,0.014129855215126531,0.014109347442680775
smoke,H3N2,HA,GCG,A,86,171,1.9883720930232558,0.003506829088224437,0.003527336860670194
smoke,H3N2,HA,GCT,A,86,813,9.453488372093023,0.01667281899840039,0.015873015873015872
smoke,H3N2,HA,GGA,G,86,1492,17.348837209302324,0.030597596489069352,0.029982363315696647
smoke,H3N2,HA,GGC,G,86,599,6.965116279069767,0.012284155695008405,0.012345679012345678
smoke,H3N2,HA,GGG,G,86,867,10.081395348837209,0.017780238710471262,0.01763668430335097
smoke,H3N2,HA,GGT,G,86,680,7.906976744186046,0.013945285263114724,0.014109347442680775
smoke,H3N2,HA,GTA,V,86,644,7.488372093023256,0.013207005455067472,0.013227513227513227
smoke,H3N2,HA,GTC,V,86,157,1.8255813953488371,0.0032197202739838397,0.001763668430335097
smoke,H3N2,HA,GTG,V,86,378,4.395348837209302,0.00775193798449612,0.007054673721340388
smoke,H3N2,HA,GTT,V,86,950,11.046511627906977,0.019482383823469097,0.019400352733686066
smoke,H3N2,HA,TAA,*,86,0,0.0,0.0,0.0
smoke,H3N2,HA,TAC,Y,86,997,11.593023255813954,0.020446249128419667,0.021164021164021163
smoke,H3N2,HA,TAG,*,86,0,0.0,0.0,0.0
smoke,H3N2,HA,TAT,Y,86,637,7.406976744186046,0.013063451047947173,0.012345679012345678
smoke,H3N2,HA,TCA,S,86,1084,12.604651162790697,0.02223042533120053,0.02292768959435626
smoke,H3N2,HA,TCC,S,86,369,4.290697674418604,0.007567368032484311,0.007054673721340388
smoke,H3N2,HA,TCG,S,86,7,0.08139534883720931,0.00014355440712029858,0.0
smoke,H3N2,HA,TCT,S,86,522,6.069767441860465,0.010705057216685125,0.010582010582010581
smoke,H3N2,HA,TGA,*,86,86,1.0,0.001763668430335097,0.001763668430335097
smoke,H3N2,HA,TGC,C,86,858,9.976744186046512,0.01759566875845945,0.01763668430335097
smoke,H3N2,HA,TGG,W,86,950,11.046511627906977,0.019482383823469097,0.019400352733686066
smoke,H3N2,HA,TGT,C,86,695,8.081395348837209,0.01425290184980107,0.014109347442680775
smoke,H3N2,HA,TTA,L,86,238,2.7674418604651163,0.0048808498420901516,0.005291005291005291
smoke,H3N2,HA,TTC,F,86,1143,13.290697674418604,0.023440383905500184,0.02292768959435626
smoke,H3N2,HA,TTG,L,86,966,11.232558139534884,0.019810508182601206,0.019400352733686066
smoke,H3N2,HA,TTT,F,86,775,9.011627906976743,0.015893523645461635,0.015873015873015872
smoke,H3N2,NA,AAA,K,84,1276,15.19047619047619,0.03232172831025074,0.031914893617021274
smoke,H3N2,NA,AAC,N,84,1233,14.678571428571429,0.03123256924236827,0.031914893617021274
smoke,H3N2,NA,AAG,K,84,710,8.452380952380953,0.01798476138629475,0.01702127659574468
smoke,H3N2,NA,AAT,N,84,1335,15.892857142857142,0.03381620987550307,0.03404255319148936
smoke,H3N2,NA,ACA,T,84,1253,14.916666666666666,0.03173920886233185,0.031914893617021274
smoke,H3N2,NA,ACC,T,84,837,9.964285714285714,0.021201634035640297,0.02127659574468085
smoke,H3N2,NA,ACG,T,84,241,2.869047619047619,0.006104680678241446,0.006382978723404255
smoke,H3N2,NA,ACT,T,84,745,8.869047619047619,0.018871286208989785,0.019148936170212766
smoke,H3N2,NA,AGA,R,84,781,9.297619047619047,0.019783248326323225,0.019148936170212766
smoke,H3N2,NA,AGC,S,84,708,8.428571428571429,0.017934102824997897,0.01702127659574468
smoke,H3N2,NA,AGG,R,84,615,7.321428571428571,0.015578263696713996,0.014893617021276596
smoke,H3N2,NA,AGT,S,84,554,6.595238095238095,0.014033123570164806,0.014893617021276596
smoke,H3N2,NA,ATA,I,84,1530,18.214285714285715,0.03875585165790674,0.03829787234042553
smoke,H3N2,NA,ATC,I,84,623,7.416666666666667,0.0157810059558914,0.014893617021276596
smoke,H3N2,NA,ATG,M,84,594,7.071428571428571,0.015046402810091957,0.014893617021276596
smoke,H3N2,NA,ATT,I,84,1032,12.285714285714286,0.02614105979006401,0.02553191489361702
smoke,H3N2,NA,CAA,Q,84,661,7.869047619047619,0.016743464613536745,0.01702127659574468
smoke,H3N2,NA,CAC,H,84,93,1.1071428571428572,0.0023557311142939235,0.002127659574468085
smoke,H3N2,NA,CAG,Q,84,345,4.107142857142857,0.008739033879668094,0.00851063829787234
smoke,H3N2,NA,CAT,H,84,784,9.333333333333334,0.01985918216127353,0.019148936170212766
smoke,H3N2,NA,CCA,P,84,315,3.75,0.007979047446225235,0.00851063829787234
smoke,H3N2,NA,CCC,P,84,344,4.095238095238095,0.008713758606014652,0.00851063829787234
smoke,H3N2,NA,CCG,P,84,86,1.0238095238095237,0.002178426149754916,0.002127659574468085
smoke,H3N2,NA,CCT,P,84,858,10.214285714285714,0.021733602936252306,0.02127659574468085
smoke,H3N2,NA,CGA,R,84,86,1.0238095238095237,0.002178426149754916,0.002127659574468085
smoke,H3N2,NA,CGC,R,84,81,0.9642857142857143,0.0020517797465127684,0.002127659574468085
smoke,H3N2,NA,CGG,R,84,224,2.6666666666666665,0.005674028900223158,0.006382978723404255
smoke,H3N2,NA,CGT,R,84,77,0.9166666666666666,0.0019504626239190501,0.002127659574468085
smoke,H3N2,NA,CTA,L,84,274,3.261904761904762,0.006940600946634607,0.006382978723404255
smoke,H3N2,NA,CTC,L,84,312,3.7142857142857144,0.007903113611274933,0.00851063829787234
smoke,H3N2,NA,CTG,L,84,326,3.880952380952381,0.008257777547347933,0.00851063829787234
smoke,H3N2,NA,CTT,L,84,360,4.285714285714286,0.009119027096389523,0.00851063829787234
smoke,H3N2,NA,GAA,E,84,1246,14.833333333333334,0.03156179588380286,0.031914893617021274
smoke,H3N2,NA,GAC,D,84,776,9.238095238095237,0.019656547916086092,0.019148936170212766
smoke,H3N2,NA,GAG,E,84,874,10.404761904761905,0.02213897944061715,0.02127659574468085
smoke,H3N2,NA,GAT,D,84,1252,14.904761904761905,0.03171387958168342,0.031914893617021274
smoke,H3N2,NA,GCA,A,84,426,5.071428571428571,0.010790867633175848,0.010638297872340425
smoke,H3N2,NA,GCC,A,84,256,3.0476190476190474,0.006484619887967888,0.006382978723404255
smoke,H3N2,NA,GCG,A,84,94,1.119047619047619,0.002381060394942353,0.002127659574468085
smoke,H3N2,NA,GCT,A,84,420,5.0,0.010638837942290284,0.010638297872340425
smoke,H3N2,NA,GGA,G,84,1231,14.654761904761905,0.03118201869506138,0.031914893617021274
smoke,H3N2,NA,GGC,G,84,613,7.2976190476190474,0.015527659142412123,0.014893617021276596
smoke,H3N2,NA,GGG,G,84,659,7.845238095238095,0.016692806052239887,0.01702127659574468
smoke,H3N2,NA,GGT,G,84,754,8.976190476190476,0.01909919572783067,0.019148936170212766
smoke,H3N2,NA,GTA,V,84,528,6.285714285714286,0.013374346245325694,0.01276595744680851
smoke,H3N2,NA,GTC,V,84,501,5.964285714285714,0.01269061768880305,0.01276595744680851
smoke,H3N2,NA,GTG,V,84,898,10.69047619047619,0.022746882176179456,0.023404255319148935
smoke,H3N2,NA,GTT,V,84,1026,12.214285714285714,0.025989192120163394,0.02553191489361702
smoke,H3N2,NA,TAA,*,84,82,0.9761904761904762,0.0020771090271611984,0.002127659574468085
smoke,H3N2,NA,TAC,Y,84,181,2.1547619047619047,0.004584815825345699,0.00425531914893617
smoke,H3N2,NA,TAG,*,84,2,0.023809523809523808,5.065856129685917e-05,0.0
smoke,H3N2,NA,TAT,Y,84,998,11.880952380952381,0.025279918255012385,0.02553191489361702
smoke,H3N2,NA,TCA,S,84,1044,12.428571428571429,0.02644506516484016,0.027659574468085105
smoke,H3N2,NA,TCC,S,84,941,11.202380952380953,0.023836041244061933,0.023404255319148935
smoke,H3N2,NA,TCG,S,84,92,1.0952380952380953,0.0023304018336454935,0.002127659574468085
smoke,H3N2,NA,TCT,S,84,485,5.773809523809524,0.012285403205423167,0.01276595744680851
smoke,H3N2,NA,TGA,*,84,0,0.0,0.0,0.0
smoke,H3N2,NA,TGC,C,84,862,10.261904761904763,0.02183492005884602,0.02127659574468085
smoke,H3N2,NA,TGG,W,84,931,11.083333333333334,0.023582748437577638,0.023404255319148935
smoke,H3N2,NA,TGT,C,84,910,10.833333333333334,0.023050833543960616,0.023404255319148935
smoke,H3N2,NA,TTA,L,84,138,1.6428571428571428,0.003495602750468241,0.0031937576554915393
smoke,H3N2,NA,TTC,F,84,748,8.904761904761905,0.018947274050935072,0.019148936170212766
smoke,H3N2,NA,TTG,L,84,713,8.488095238095237,0.018060695221245055,0.019148936170212766
smoke,H3N2,NA,TTT,F,84,504,6.0,0.012766605530748347,0.01276595744680851
