panel,subtype,protein,codon,amino_acid,n_reliable_sequences,mean_rscu,median_rscu
mvp,H1N1,HA,AAA,K,2354,1.26728211588264,1.2682926829268293
mvp,H1N1,HA,AAC,N,2354,0.7275039021912036,0.7111111111111111
mvp,H1N1,HA,AAG,K,2354,0.7327178841173603,0.7317073170731707
mvp,H1N1,HA,AAT,N,2354,1.2724960978087965,1.288888888888889
mvp,H1N1,HA,ACA,T,2354,2.4924676202150886,2.4864864864864864
mvp,H1N1,HA,ACC,T,2354,0.29101434035435375,0.21621621621621623
mvp,H1N1,HA,ACG,T,2354,0.25732089749356274,0.2926829268292683
mvp,H1N1,HA,ACT,T,2354,0.9591971419369949,0.972972972972973
mvp,H1N1,HA,AGA,R,2354,4.49719872216378,4.666666666666667
mvp,H1N1,HA,AGC,S,2354,1.0499590237482048,1.05
mvp,H1N1,HA,AGG,R,2354,1.4851891332397702,1.3333333333333333
mvp,H1N1,HA,AGT,S,2354,0.7633795546877963,0.8
mvp,H1N1,HA,ATA,I,2354,0.9766655948366263,0.9729729729729729
mvp,H1N1,HA,ATC,I,2354,0.5751769630679442,0.5526315789473685
mvp,H1N1,HA,ATG,M,2354,1.0,1.0
mvp,H1N1,HA,ATT,I,2354,1.4481574420954293,1.5
mvp,H1N1,HA,CAA,Q,2354,0.9889795127906729,1.0
mvp,H1N1,HA,CAC,H,2354,1.0010814341421819,1.0666666666666667
mvp,H1N1,HA,CAG,Q,2354,1.0110204872093271,1.0
mvp,H1N1,HA,CAT,H,2354,0.9989185658578181,0.9333333333333333
mvp,H1N1,HA,CCA,P,2354,1.9542465558608297,1.894736842105263
mvp,H1N1,HA,CCC,P,2354,0.7621172534332665,0.8421052631578947
mvp,H1N1,HA,CCG,P,2354,0.9159309024085662,1.0526315789473684
mvp,H1N1,HA,CCT,P,2354,0.3677052882973377,0.21052631578947367
mvp,H1N1,HA,CGA,R,2354,0.006043358183053215,0.0
mvp,H1N1,HA,CGC,R,2354,0.0014756517461878998,0.0
mvp,H1N1,HA,CGG,R,2354,0.002492144085400804,0.0
mvp,H1N1,HA,CGT,R,2354,0.007600990581807111,0.0
mvp,H1N1,HA,CTA,L,2354,1.586715691057834,1.6595744680851063
mvp,H1N1,HA,CTC,L,2354,0.5770698679698926,0.6521739130434783
mvp,H1N1,HA,CTG,L,2354,1.5701068169743575,1.5652173913043477
mvp,H1N1,HA,CTT,L,2354,0.2445617509377132,0.13043478260869565
mvp,H1N1,HA,GAA,E,2354,1.4000481500125765,1.411764705882353
mvp,H1N1,HA,GAC,D,2354,0.9885054479607644,1.0
mvp,H1N1,HA,GAG,E,2354,0.5999518499874236,0.5882352941176471
mvp,H1N1,HA,GAT,D,2354,1.0114945520392353,1.0
mvp,H1N1,HA,GCA,A,2354,1.99470689629117,2.0606060606060606
mvp,H1N1,HA,GCC,A,2354,1.081245234635281,1.0909090909090908
mvp,H1N1,HA,GCG,A,2354,0.2574263919849438,0.24242424242424243
mvp,H1N1,HA,GCT,A,2354,0.666621477088605,0.6060606060606061
mvp,H1N1,HA,GGA,G,2354,1.3803590885790795,1.3
mvp,H1N1,HA,GGC,G,2354,0.4768807720037592,0.5
mvp,H1N1,HA,GGG,G,2354,1.3334801242294843,1.302325581395349
mvp,H1N1,HA,GGT,G,2354,0.8092800151876772,0.8
mvp,H1N1,HA,GTA,V,2354,1.723560023492817,1.7435897435897436
mvp,H1N1,HA,GTC,V,2354,0.6612759412051047,0.6486486486486487
mvp,H1N1,HA,GTG,V,2354,0.8396610489401628,0.8421052631578947
mvp,H1N1,HA,GTT,V,2354,0.7755029863619157,0.7567567567567568
mvp,H1N1,HA,TAC,Y,2354,0.9708442529647815,0.9629629629629629
mvp,H1N1,HA,TAT,Y,2354,1.0291557470352184,1.037037037037037
mvp,H1N1,HA,TCA,S,2354,2.2697543619174585,2.297872340425532
mvp,H1N1,HA,TCC,S,2354,0.5880592134419573,0.5333333333333333
mvp,H1N1,HA,TCG,S,2354,0.14520637881509785,0.13636363636363638
mvp,H1N1,HA,TCT,S,2354,1.1836414673894848,1.2
mvp,H1N1,HA,TGC,C,2354,0.8012898957373943,0.8
mvp,H1N1,HA,TGG,W,2354,1.0,1.0
mvp,H1N1,HA,TGT,C,2354,1.1987101042626056,1.2
mvp,H1N1,HA,TTA,L,2354,0.5982466098665926,0.6521739130434783
mvp,H1N1,HA,TTC,F,2354,1.2164838023846207,1.263157894736842
mvp,H1N1,HA,TTG,L,2354,1.4232992631936106,1.434782608695652
mvp,H1N1,HA,TTT,F,2354,0.7835161976153793,0.7368421052631579
mvp,H1N1,NA,AAA,K,2394,1.089906631238565,1.12
mvp,H1N1,NA,AAC,N,2394,0.8064697197225366,0.8108108108108109
mvp,H1N1,NA,AAG,K,2394,0.9100933687614348,0.88
mvp,H1N1,NA,AAT,N,2394,1.1935302802774637,1.1891891891891893
mvp,H1N1,NA,ACA,T,2394,1.4946035989146003,1.4814814814814814
mvp,H1N1,NA,ACC,T,2394,1.198493899281602,1.1851851851851851
mvp,H1N1,NA,ACG,T,2394,0.025724840937720185,0.0
mvp,H1N1,NA,ACT,T,2394,1.2811776608660776,1.2857142857142858
mvp,H1N1,NA,AGA,R,2394,3.50502278627063,3.5294117647058822
mvp,H1N1,NA,AGC,S,2394,1.100080839083866,1.1111111111111112
mvp,H1N1,NA,AGG,R,2394,1.1797489235123146,1.0588235294117647
mvp,H1N1,NA,AGT,S,2394,1.4440567118918295,1.3928571428571428
mvp,H1N1,NA,ATA,I,2394,1.3929824280043255,1.3695652173913042
mvp,H1N1,NA,ATC,I,2394,0.6731993762570895,0.6666666666666666
mvp,H1N1,NA,ATG,M,2394,1.0,1.0
mvp,H1N1,NA,ATT,I,2394,0.9338181957385853,0.9545454545454546
mvp,H1N1,NA,CAA,Q,2394,1.1609751603172656,1.0666666666666667
mvp,H1N1,NA,CAC,H,2394,0.684186657118988,0.6666666666666666
mvp,H1N1,NA,CAG,Q,2394,0.8390248396827344,0.9333333333333333
mvp,H1N1,NA,CAT,H,2394,1.3158133428810121,1.3333333333333333
mvp,H1N1,NA,CCA,P,2394,1.9298783626823408,2.0
mvp,H1N1,NA,CCC,P,2394,0.5391998331357599,0.5454545454545454
mvp,H1N1,NA,CCG,P,2394,0.374473939810049,0.36363636363636365
mvp,H1N1,NA,CCT,P,2394,1.1564478643718505,1.0909090909090908
mvp,H1N1,NA,CGA,R,2394,0.9588175866662709,1.0588235294117647
mvp,H1N1,NA,CGC,R,2394,0.2978622166010141,0.3529411764705882
mvp,H1N1,NA,CGG,R,2394,0.0072663599142334685,0.0
mvp,H1N1,NA,CGT,R,2394,0.051282127035537514,0.0
mvp,H1N1,NA,CTA,L,2394,1.6287346177453608,1.6666666666666667
mvp,H1N1,NA,CTC,L,2394,0.2973032510242409,0.3333333333333333
mvp,H1N1,NA,CTG,L,2394,0.6903373094110193,0.7058823529411764
mvp,H1N1,NA,CTT,L,2394,0.19785311197704408,0.2857142857142857
mvp,H1N1,NA,GAA,E,2394,1.306036013700855,1.3333333333333333
mvp,H1N1,NA,GAC,D,2394,1.0353768667769823,1.0
mvp,H1N1,NA,GAG,E,2394,0.693963986299145,0.6666666666666666
mvp,H1N1,NA,GAT,D,2394,0.9646231332230178,1.0
mvp,H1N1,NA,GCA,A,2394,1.0741928420554163,1.0
mvp,H1N1,NA,GCC,A,2394,0.6671303720484334,0.75
mvp,H1N1,NA,GCG,A,2394,0.21288332918065145,0.25
mvp,H1N1,NA,GCT,A,2394,2.0457934567154985,2.0
mvp,H1N1,NA,GGA,G,2394,1.5547913005627274,1.511111111111111
mvp,H1N1,NA,GGC,G,2394,0.6497402850090551,0.6363636363636364
mvp,H1N1,NA,GGG,G,2394,0.9312626455523444,0.9777777777777777
mvp,H1N1,NA,GGT,G,2394,0.864205768875873,0.8888888888888888
mvp,H1N1,NA,GTA,V,2394,0.9468020987574202,1.0
mvp,H1N1,NA,GTC,V,2394,0.6970238846080985,0.6896551724137931
mvp,H1N1,NA,GTG,V,2394,1.1414001913711027,1.1428571428571428
mvp,H1N1,NA,GTT,V,2394,1.2147738252633782,1.1851851851851851
mvp,H1N1,NA,TAC,Y,2394,0.9880935550108483,1.0
mvp,H1N1,NA,TAT,Y,2394,1.0119064449891515,1.0
mvp,H1N1,NA,TCA,S,2394,1.460074924846432,1.3928571428571428
mvp,H1N1,NA,TCC,S,2394,0.6445983669249625,0.6428571428571428
mvp,H1N1,NA,TCG,S,2394,0.2815964705032742,0.3214285714285714
mvp,H1N1,NA,TCT,S,2394,1.069592686749636,1.0384615384615385
mvp,H1N1,NA,TGC,C,2394,0.9266627180265766,0.9473684210526315
mvp,H1N1,NA,TGG,W,2394,1.0,1.0
mvp,H1N1,NA,TGT,C,2394,1.0733372819734233,1.0526315789473684
mvp,H1N1,NA,TTA,L,2394,1.4126658674326218,1.4117647058823528
mvp,H1N1,NA,TTC,F,2394,1.0034501745707003,1.0
mvp,H1N1,NA,TTG,L,2394,1.7731058424097137,1.7647058823529411
mvp,H1N1,NA,TTT,F,2394,0.9965498254292996,1.0
mvp,H3N2,HA,AAA,K,1922,1.4509989665099197,1.4054054054054055
mvp,H3N2,HA,AAC,N,1922,0.8621608776194669,0.8571428571428571
mvp,H3N2,HA,AAG,K,1922,0.5490010334900803,0.5945945945945946
mvp,H3N2,HA,AAT,N,1922,1.1378391223805329,1.1428571428571428
mvp,H3N2,HA,ACA,T,1922,1.5127414488254565,1.5483870967741935
mvp,H3N2,HA,ACC,T,1922,0.4033000228296083,0.375
mvp,H3N2,HA,ACG,T,1922,0.5711003566599758,0.5882352941176471
mvp,H3N2,HA,ACT,T,1922,1.512858171684959,1.5555555555555556
mvp,H3N2,HA,AGA,R,1922,2.9810832904712568,3.0
mvp,H3N2,HA,AGC,S,1922,1.8788563573636579,1.902439024390244
mvp,H3N2,HA,AGG,R,1922,1.875942248774486,1.9285714285714284
mvp,H3N2,HA,AGT,S,1922,0.850608959015945,0.8372093023255813
mvp,H3N2,HA,ATA,I,1922,1.0219548961135703,1.0588235294117647
mvp,H3N2,HA,ATC,I,1922,1.0537238890280436,1.0588235294117647
mvp,H3N2,HA,ATG,M,1922,1.0,1.0
mvp,H3N2,HA,ATT,I,1922,0.9243212148583864,0.9230769230769231
mvp,H3N2,HA,CAA,Q,1922,1.5087202811532086,1.5
mvp,H3N2,HA,CAC,H,1922,1.045701234827145,1.0909090909090908
mvp,H3N2,HA,CAG,Q,1922,0.4912797188467912,0.5
mvp,H3N2,HA,CAT,H,1922,0.9542987651728544,0.9090909090909091
mvp,H3N2,HA,CCA,P,1922,1.2920255129951876,1.2
mvp,H3N2,HA,CCC,P,1922,0.8558955191561031,0.8
mvp,H3N2,HA,CCG,P,1922,0.7341857063729921,0.8
mvp,H3N2,HA,CCT,P,1922,1.1178932614757169,1.2
mvp,H3N2,HA,CGA,R,1922,0.7909421350112532,0.8571428571428571
mvp,H3N2,HA,CGC,R,1922,0.06577314275742639,0.0
mvp,H3N2,HA,CGG,R,1922,0.28391234713736074,0.2222222222222222
mvp,H3N2,HA,CGT,R,1922,0.0023468358482173113,0.0
mvp,H3N2,HA,CTA,L,1922,0.9935718207932671,0.9767441860465116
mvp,H3N2,HA,CTC,L,1922,0.2925701069296199,0.27906976744186046
mvp,H3N2,HA,CTG,L,1922,1.4695451991761643,1.5
mvp,H3N2,HA,CTT,L,1922,1.311246927298381,1.3333333333333333
mvp,H3N2,HA,GAA,E,1922,1.1423558030300285,1.1428571428571428
mvp,H3N2,HA,GAC,D,1922,1.0190163690229306,1.0
mvp,H3N2,HA,GAG,E,1922,0.8576441969699712,0.8571428571428571
mvp,H3N2,HA,GAT,D,1922,0.9809836309770695,1.0
mvp,H3N2,HA,GCA,A,1922,1.5029039660026218,1.4666666666666666
mvp,H3N2,HA,GCC,A,1922,1.014559073813224,1.032258064516129
mvp,H3N2,HA,GCG,A,1922,0.25207900543999634,0.25806451612903225
mvp,H3N2,HA,GCT,A,1922,1.2304579547441574,1.25
mvp,H3N2,HA,GGA,G,1922,1.6453485366839,1.6363636363636365
mvp,H3N2,HA,GGC,G,1922,0.6561364148176666,0.6666666666666666
mvp,H3N2,HA,GGG,G,1922,0.9446143189299868,0.9523809523809523
mvp,H3N2,HA,GGT,G,1922,0.7539007295684467,0.7619047619047619
mvp,H3N2,HA,GTA,V,1922,1.1783520069292286,1.1666666666666667
mvp,H3N2,HA,GTC,V,1922,0.28523184056451745,0.17391304347826086
mvp,H3N2,HA,GTG,V,1922,0.7407017325946595,0.7692307692307693
mvp,H3N2,HA,GTT,V,1922,1.7957144199115946,1.8333333333333333
mvp,H3N2,HA,TAC,Y,1922,1.2207184961662327,1.2222222222222223
mvp,H3N2,HA,TAT,Y,1922,0.7792815038337672,0.7777777777777778
mvp,H3N2,HA,TCA,S,1922,1.7884791562720634,1.7999999999999998
mvp,H3N2,HA,TCC,S,1922,0.6066648912652393,0.5853658536585367
mvp,H3N2,HA,TCG,S,1922,0.013422132714647025,0.0
mvp,H3N2,HA,TCT,S,1922,0.8619685033684477,0.8571428571428571
mvp,H3N2,HA,TGC,C,1922,1.1063098259001647,1.1111111111111112
mvp,H3N2,HA,TGG,W,1922,1.0,1.0
mvp,H3N2,HA,TGT,C,1922,0.8936901740998353,0.8888888888888888
mvp,H3N2,HA,TTA,L,1922,0.38204083660542293,0.4090909090909091
mvp,H3N2,HA,TTC,F,1922,1.1953262674790235,1.1818181818181819
mvp,H3N2,HA,TTG,L,1922,1.5510251091971448,1.5348837209302324
mvp,H3N2,HA,TTT,F,1922,0.8046737325209764,0.8181818181818182
mvp,H3N2,NA,AAA,K,2053,1.2861662598116146,1.3043478260869565
mvp,H3N2,NA,AAC,N,2053,0.9637656094797965,0.967741935483871
mvp,H3N2,NA,AAG,K,2053,0.7138337401883855,0.6956521739130435
mvp,H3N2,NA,AAT,N,2053,1.0362343905202034,1.032258064516129
mvp,H3N2,NA,ACA,T,2053,1.6171918072542244,1.6216216216216217
mvp,H3N2,NA,ACC,T,2053,1.0973573297705166,1.0810810810810811
mvp,H3N2,NA,ACG,T,2053,0.3217317321796307,0.32432432432432434
mvp,H3N2,NA,ACT,T,2053,0.9637191307956285,0.972972972972973
mvp,H3N2,NA,AGA,R,2053,2.5003179488393954,2.4545454545454546
mvp,H3N2,NA,AGC,S,2053,1.1045740105031943,1.090909090909091
mvp,H3N2,NA,AGG,R,2053,1.9959151318263004,1.9090909090909092
mvp,H3N2,NA,AGT,S,2053,0.8700899435278233,0.8936170212765958
mvp,H3N2,NA,ATA,I,2053,1.439271110043764,1.4594594594594594
mvp,H3N2,NA,ATC,I,2053,0.5870079563668296,0.5675675675675675
mvp,H3N2,NA,ATG,M,2053,1.0,1.0
mvp,H3N2,NA,ATT,I,2053,0.9737209335894068,0.9729729729729729
mvp,H3N2,NA,CAA,Q,2053,1.3262478713038868,1.3333333333333333
mvp,H3N2,NA,CAC,H,2053,0.20368615526920447,0.2
mvp,H3N2,NA,CAG,Q,2053,0.673752128696113,0.6666666666666666
mvp,H3N2,NA,CAT,H,2053,1.7963138447307958,1.8
mvp,H3N2,NA,CCA,P,2053,0.7955379911057222,0.8
mvp,H3N2,NA,CCC,P,2053,0.8569262890347892,0.8421052631578947
mvp,H3N2,NA,CCG,P,2053,0.21313331212771516,0.21052631578947367
mvp,H3N2,NA,CCT,P,2053,2.134402407731774,2.1052631578947367
mvp,H3N2,NA,CGA,R,2053,0.27630078832945437,0.27272727272727276
mvp,H3N2,NA,CGC,R,2053,0.2555918809806351,0.27272727272727276
mvp,H3N2,NA,CGG,R,2053,0.7165779833607013,0.7826086956521738
mvp,H3N2,NA,CGT,R,2053,0.25529626666351296,0.27272727272727276
mvp,H3N2,NA,CTA,L,2053,0.7628109711222442,0.72
mvp,H3N2,NA,CTC,L,2053,0.8944357330549331,0.9230769230769231
mvp,H3N2,NA,CTG,L,2053,0.9042033130586469,0.96
mvp,H3N2,NA,CTT,L,2053,1.0137060866286391,0.96
mvp,H3N2,NA,GAA,E,2053,1.1827662453107715,1.1666666666666667
mvp,H3N2,NA,GAC,D,2053,0.768438792195331,0.75
mvp,H3N2,NA,GAG,E,2053,0.8172337546892282,0.8333333333333334
mvp,H3N2,NA,GAT,D,2053,1.2315612078046692,1.25
mvp,H3N2,NA,GCA,A,2053,1.4312634807004594,1.4285714285714286
mvp,H3N2,NA,GCC,A,2053,0.8475194986383777,0.8571428571428571
mvp,H3N2,NA,GCG,A,2053,0.29495152326733076,0.2857142857142857
mvp,H3N2,NA,GCT,A,2053,1.4262654973938318,1.4285714285714286
mvp,H3N2,NA,GGA,G,2053,1.5211961075476506,1.5384615384615385
mvp,H3N2,NA,GGC,G,2053,0.751485614029235,0.7368421052631579
mvp,H3N2,NA,GGG,G,2053,0.8005855735472746,0.8205128205128205
mvp,H3N2,NA,GGT,G,2053,0.92673270487584,0.9230769230769231
mvp,H3N2,NA,GTA,V,2053,0.7037943050614607,0.6857142857142857
mvp,H3N2,NA,GTC,V,2053,0.680802125137267,0.6857142857142857
mvp,H3N2,NA,GTG,V,2053,1.2259996283146348,1.2571428571428571
mvp,H3N2,NA,GTT,V,2053,1.3894039414866368,1.3714285714285714
mvp,H3N2,NA,TAC,Y,2053,0.31093209437096425,0.2857142857142857
mvp,H3N2,NA,TAT,Y,2053,1.6890679056290359,1.7142857142857142
mvp,H3N2,NA,TCA,S,2053,1.6384424304471323,1.6595744680851063
mvp,H3N2,NA,TCC,S,2053,1.4669025874449027,1.4666666666666666
mvp,H3N2,NA,TCG,S,2053,0.14420103281434077,0.13043478260869565
mvp,H3N2,NA,TCT,S,2053,0.7757899952626066,0.7826086956521738
mvp,H3N2,NA,TGC,C,2053,0.9723804041388066,0.9523809523809523
mvp,H3N2,NA,TGG,W,2053,1.0,1.0
mvp,H3N2,NA,TGT,C,2053,1.0276195958611936,1.0476190476190477
mvp,H3N2,NA,TTA,L,2053,0.38632559879134354,0.25
mvp,H3N2,NA,TTC,F,2053,1.1999457465926906,1.2
mvp,H3N2,NA,TTG,L,2053,2.038518297344194,2.076923076923077
mvp,H3N2,NA,TTT,F,2053,0.8000542534073092,0.8
smoke,H1N1,HA,AAA,K,74,1.2797905262715958,1.2792207792207793
smoke,H1N1,HA,AAC,N,74,0.7549065174785017,0.7142857142857143
smoke,H1N1,HA,AAG,K,74,0.7202094737284039,0.7207792207792207
smoke,H1N1,HA,AAT,N,74,1.2450934825214985,1.2857142857142858
smoke,H1N1,HA,ACA,T,74,2.4795437176162185,2.4827586206896552
smoke,H1N1,HA,ACC,T,74,0.34342007191040996,0.28919860627177696
smoke,H1N1,HA,ACG,T,74,0.24151747478026336,0.28919860627177696
smoke,H1N1,HA,ACT,T,74,0.9355187356931086,0.9523809523809523
smoke,H1N1,HA,AGA,R,74,4.270245167768388,4.588235294117647
smoke,H1N1,HA,AGC,S,74,1.0696350737512317,1.0583333333333333
smoke,H1N1,HA,AGG,R,74,1.7254874069115556,1.3725490196078431
smoke,H1N1,HA,AGT,S,74,0.801380612094991,0.8
smoke,H1N1,HA,ATA,I,74,1.018518804524809,1.0
smoke,H1N1,HA,ATC,I,74,0.5905581671489369,0.549043062200957
smoke,H1N1,HA,ATG,M,74,1.0,1.0
smoke,H1N1,HA,ATT,I,74,1.3909230283262537,1.5
smoke,H1N1,HA,CAA,Q,74,1.0537228404875465,1.0
smoke,H1N1,HA,CAC,H,74,0.9933558558558557,1.0
smoke,H1N1,HA,CAG,Q,74,0.9462771595124535,1.0
smoke,H1N1,HA,CAT,H,74,1.0066441441441443,1.0
smoke,H1N1,HA,CCA,P,74,2.0162094425252324,1.894736842105263
smoke,H1N1,HA,CCC,P,74,0.7668856826751562,0.8210526315789474
smoke,H1N1,HA,CCG,P,74,0.8015940752782857,1.0
smoke,H1N1,HA,CCT,P,74,0.4153107995213259,0.4105263157894737
smoke,H1N1,HA,CGA,R,74,0.0,0.0
smoke,H1N1,HA,CGC,R,74,0.0,0.0
smoke,H1N1,HA,CGG,R,74,0.0,0.0
smoke,H1N1,HA,CGT,R,74,0.004267425320056899,0.0
smoke,H1N1,HA,CTA,L,74,1.5329799856583335,1.6007905138339922
smoke,H1N1,HA,CTC,L,74,0.49405224297566436,0.6382978723404256
smoke,H1N1,HA,CTG,L,74,1.5778755274665535,1.5652173913043477
smoke,H1N1,HA,CTT,L,74,0.3156049909934812,0.2608695652173913
smoke,H1N1,HA,GAA,E,74,1.385214917567859,1.411764705882353
smoke,H1N1,HA,GAC,D,74,0.9852615616345596,1.0
smoke,H1N1,HA,GAG,E,74,0.6147850824321412,0.5882352941176471
smoke,H1N1,HA,GAT,D,74,1.0147384383654405,1.0
smoke,H1N1,HA,GCA,A,74,1.888017693747099,2.0
smoke,H1N1,HA,GCC,A,74,1.1329235123467278,1.0909090909090908
smoke,H1N1,HA,GCG,A,74,0.2750749771475414,0.24242424242424243
smoke,H1N1,HA,GCT,A,74,0.7039838167586319,0.625
smoke,H1N1,HA,GGA,G,74,1.4587273083869796,1.4
smoke,H1N1,HA,GGC,G,74,0.4509716039778434,0.5
smoke,H1N1,HA,GGG,G,74,1.3010279784244616,1.3
smoke,H1N1,HA,GGT,G,74,0.7892731092107155,0.8
smoke,H1N1,HA,GTA,V,74,1.6692644264479255,1.7297297297297298
smoke,H1N1,HA,GTC,V,74,0.692306701837285,0.6486486486486487
smoke,H1N1,HA,GTG,V,74,0.8547887202225751,0.8534850640113798
smoke,H1N1,HA,GTT,V,74,0.7836401514922141,0.7672672672672673
smoke,H1N1,HA,TAC,Y,74,0.917106667106667,0.9629629629629629
smoke,H1N1,HA,TAT,Y,74,1.082893332893333,1.037037037037037
smoke,H1N1,HA,TCA,S,74,2.146175035414261,2.2666666666666666
smoke,H1N1,HA,TCC,S,74,0.6969565431773999,0.5333333333333333
smoke,H1N1,HA,TCG,S,74,0.1451583475095874,0.13333333333333333
smoke,H1N1,HA,TCT,S,74,1.1406943880525298,1.2
smoke,H1N1,HA,TGC,C,74,0.7793918918918917,0.8
smoke,H1N1,HA,TGG,W,74,1.0,1.0
smoke,H1N1,HA,TGT,C,74,1.220608108108108,1.2
smoke,H1N1,HA,TTA,L,74,0.6499244020295957,0.6521739130434783
smoke,H1N1,HA,TTC,F,74,1.20391858023437,1.2
smoke,H1N1,HA,TTG,L,74,1.4295628508763718,1.434782608695652
smoke,H1N1,HA,TTT,F,74,0.7960814197656301,0.8
smoke,H1N1,NA,AAA,K,80,1.1132997597368306,1.1304347826086956
smoke,H1N1,NA,AAC,N,80,0.7933728567098083,0.8
smoke,H1N1,NA,AAG,K,80,0.8867002402631694,0.8695652173913043
smoke,H1N1,NA,AAT,N,80,1.2066271432901918,1.2
smoke,H1N1,NA,ACA,T,80,1.4477896595131636,1.4285714285714286
smoke,H1N1,NA,ACC,T,80,1.2004381898715064,1.1851851851851851
smoke,H1N1,NA,ACG,T,80,0.0390513820470717,0.0
smoke,H1N1,NA,ACT,T,80,1.3127207685682585,1.3333333333333333
smoke,H1N1,NA,AGA,R,80,3.57859745872033,3.598039215686274
smoke,H1N1,NA,AGC,S,80,1.0686627102145416,1.090909090909091
smoke,H1N1,NA,AGG,R,80,1.164233101135191,1.0588235294117647
smoke,H1N1,NA,AGT,S,80,1.4920417524174874,1.469387755102041
smoke,H1N1,NA,ATA,I,80,1.4098354900466443,1.4
smoke,H1N1,NA,ATC,I,80,0.6875954489446441,0.6818181818181819
smoke,H1N1,NA,ATG,M,80,1.0,1.0
smoke,H1N1,NA,ATT,I,80,0.9025690610087118,0.9333333333333333
smoke,H1N1,NA,CAA,Q,80,1.2812770562770561,1.0666666666666667
smoke,H1N1,NA,CAC,H,80,0.7139384920634921,0.6666666666666666
smoke,H1N1,NA,CAG,Q,80,0.7187229437229437,0.9333333333333333
smoke,H1N1,NA,CAT,H,80,1.286061507936508,1.3333333333333333
smoke,H1N1,NA,CCA,P,80,1.793022303783173,2.0
smoke,H1N1,NA,CCC,P,80,0.5281291172595519,0.5454545454545454
smoke,H1N1,NA,CCG,P,80,0.44615189158667423,0.36363636363636365
smoke,H1N1,NA,CCT,P,80,1.2326966873706002,1.0909090909090908
smoke,H1N1,NA,CGA,R,80,0.8885394091847264,1.0
smoke,H1N1,NA,CGC,R,80,0.23948658410732718,0.3333333333333333
smoke,H1N1,NA,CGG,R,80,0.016666666666666666,0.0
smoke,H1N1,NA,CGT,R,80,0.1124767801857585,0.0
smoke,H1N1,NA,CTA,L,80,1.5399743844906384,1.6666666666666667
smoke,H1N1,NA,CTC,L,80,0.24098297213622294,0.3333333333333333
smoke,H1N1,NA,CTG,L,80,0.6687892525431225,0.6666666666666666
smoke,H1N1,NA,CTT,L,80,0.25097818074598266,0.3333333333333333
smoke,H1N1,NA,GAA,E,80,1.28328303909283,1.3333333333333333
smoke,H1N1,NA,GAC,D,80,1.033286286368094,1.0
smoke,H1N1,NA,GAG,E,80,0.71671696090717,0.6666666666666666
smoke,H1N1,NA,GAT,D,80,0.966713713631906,1.0
smoke,H1N1,NA,GCA,A,80,1.1846780554326994,1.0
smoke,H1N1,NA,GCC,A,80,0.6750959199469262,0.75
smoke,H1N1,NA,GCG,A,80,0.1697140522875817,0.23529411764705882
smoke,H1N1,NA,GCT,A,80,1.9705119723327928,2.0
smoke,H1N1,NA,GGA,G,80,1.6157476144748912,1.511111111111111
smoke,H1N1,NA,GGC,G,80,0.6625703966498452,0.6363636363636364
smoke,H1N1,NA,GGG,G,80,0.8784816068305193,0.9671497584541062
smoke,H1N1,NA,GGT,G,80,0.8432003820447445,0.8888888888888888
smoke,H1N1,NA,GTA,V,80,0.8620183621017882,0.9333333333333333
smoke,H1N1,NA,GTC,V,80,0.6361118037814366,0.5925925925925926
smoke,H1N1,NA,GTG,V,80,1.1665874917320969,1.1851851851851851
smoke,H1N1,NA,GTT,V,80,1.3352823423846782,1.2307692307692308
smoke,H1N1,NA,TAC,Y,80,1.0483699633699632,1.0666666666666667
smoke,H1N1,NA,TAT,Y,80,0.9516300366300365,0.9333333333333333
smoke,H1N1,NA,TCA,S,80,1.5416555424579608,1.4181818181818182
smoke,H1N1,NA,TCC,S,80,0.5864561369640774,0.6428571428571428
smoke,H1N1,NA,TCG,S,80,0.24399056602867858,0.24
smoke,H1N1,NA,TCT,S,80,1.0671932919172542,1.0
smoke,H1N1,NA,TGC,C,80,0.8818713450292399,0.9473684210526315
smoke,H1N1,NA,TGG,W,80,1.0,1.0
smoke,H1N1,NA,TGT,C,80,1.11812865497076,1.0526315789473684
smoke,H1N1,NA,TTA,L,80,1.4463478549314464,1.4117647058823528
smoke,H1N1,NA,TTC,F,80,0.9906045751633986,1.0
smoke,H1N1,NA,TTG,L,80,1.852927355152587,1.7647058823529411
smoke,H1N1,NA,TTT,F,80,1.0093954248366015,1.0
smoke,H3N2,HA,AAA,K,86,1.4587627731410582,1.4054054054054055
smoke,H3N2,HA,AAC,N,86,0.8645080568484158,0.8695652173913043
smoke,H3N2,HA,AAG,K,86,0.5412372268589417,0.5945945945945946
smoke,H3N2,HA,AAT,N,86,1.135491943151584,1.1304347826086956
smoke,H3N2,HA,ACA,T,86,1.5062383975163642,1.5294117647058822
smoke,H3N2,HA,ACC,T,86,0.41672176224601104,0.375
smoke,H3N2,HA,ACG,T,86,0.5726359206302721,0.5882352941176471
smoke,H3N2,HA,ACT,T,86,1.5044039196073529,1.5757575757575757
smoke,H3N2,HA,AGA,R,86,3.001678213856862,3.0
smoke,H3N2,HA,AGC,S,86,1.8935129642192354,1.9057649667405765
smoke,H3N2,HA,AGG,R,86,1.8583902316364749,1.8620689655172415
smoke,H3N2,HA,AGT,S,86,0.8409275544874697,0.8276955602536997
smoke,H3N2,HA,ATA,I,86,1.0140797308485976,1.0396389324960755
smoke,H3N2,HA,ATC,I,86,1.0605430930403834,1.0588235294117647
smoke,H3N2,HA,ATG,M,86,1.0,1.0
smoke,H3N2,HA,ATT,I,86,0.9253771761110188,0.9207221350078494
smoke,H3N2,HA,CAA,Q,86,1.5114361040599666,1.51
smoke,H3N2,HA,CAC,H,86,1.0452295766249255,1.0909090909090908
smoke,H3N2,HA,CAG,Q,86,0.48856389594003335,0.49
smoke,H3N2,HA,CAT,H,86,0.9547704233750747,0.9090909090909091
smoke,H3N2,HA,CCA,P,86,1.26234270125839,1.2
smoke,H3N2,HA,CCC,P,86,0.8785660000434278,0.8
smoke,H3N2,HA,CCG,P,86,0.755799782173171,0.8
smoke,H3N2,HA,CCT,P,86,1.1032915165250106,1.2
smoke,H3N2,HA,CGA,R,86,0.7680037885560818,0.8275862068965518
smoke,H3N2,HA,CGC,R,86,0.07815129448649898,0.0
smoke,H3N2,HA,CGG,R,86,0.2937764714640831,0.2222222222222222
smoke,H3N2,HA,CGT,R,86,0.0,0.0
smoke,H3N2,HA,CTA,L,86,0.9993203727595422,0.9767441860465116
smoke,H3N2,HA,CTC,L,86,0.29832779509269103,0.27906976744186046
smoke,H3N2,HA,CTG,L,86,1.4497390371415884,1.5
smoke,H3N2,HA,CTT,L,86,1.3177633108360332,1.3636363636363638
smoke,H3N2,HA,GAA,E,86,1.141697175378009,1.1428571428571428
smoke,H3N2,HA,GAC,D,86,1.0264537193411651,1.0
smoke,H3N2,HA,GAG,E,86,0.8583028246219908,0.8571428571428571
smoke,H3N2,HA,GAT,D,86,0.9735462806588349,1.0
smoke,H3N2,HA,GCA,A,86,1.4974589448809743,1.5
smoke,H3N2,HA,GCC,A,86,1.0314569099586346,1.032258064516129
smoke,H3N2,HA,GCG,A,86,0.25600952953525125,0.25806451612903225
smoke,H3N2,HA,GCT,A,86,1.21507461562514,1.1612903225806452
smoke,H3N2,HA,GGA,G,86,1.6404104836494129,1.619047619047619
smoke,H3N2,HA,GGC,G,86,0.6581985177033257,0.6666666666666666
smoke,H3N2,HA,GGG,G,86,0.9530707926887798,0.9523809523809523
smoke,H3N2,HA,GGT,G,86,0.748320205958481,0.7619047619047619
smoke,H3N2,HA,GTA,V,86,1.21058384382606,1.2173913043478262
smoke,H3N2,HA,GTC,V,86,0.2907334565801844,0.17391304347826086
smoke,H3N2,HA,GTG,V,86,0.7109458230921918,0.6666666666666666
smoke,H3N2,HA,GTT,V,86,1.787736876501564,1.8333333333333333
smoke,H3N2,HA,TAC,Y,86,1.220264437884497,1.2361111111111112
smoke,H3N2,HA,TAT,Y,86,0.7797355621155031,0.7638888888888888
smoke,H3N2,HA,TCA,S,86,1.7849399898000142,1.7999999999999998
smoke,H3N2,HA,TCC,S,86,0.6081373453430524,0.5853658536585367
smoke,H3N2,HA,TCG,S,86,0.01147689519782543,0.0
smoke,H3N2,HA,TCT,S,86,0.8610052509524034,0.8571428571428571
smoke,H3N2,HA,TGC,C,86,1.104515163878689,1.1111111111111112
smoke,H3N2,HA,TGG,W,86,1.0,1.0
smoke,H3N2,HA,TGT,C,86,0.895484836121311,0.8888888888888888
smoke,H3N2,HA,TTA,L,86,0.38239146410273855,0.4090909090909091
smoke,H3N2,HA,TTC,F,86,1.1910720304299676,1.1818181818181819
smoke,H3N2,HA,TTG,L,86,1.5524580200674067,1.5714285714285714
smoke,H3N2,HA,TTT,F,86,0.8089279695700322,0.8181818181818182
smoke,H3N2,NA,AAA,K,84,1.2845217705000311,1.3043478260869565
smoke,H3N2,NA,AAC,N,84,0.9597925195609792,0.967741935483871
smoke,H3N2,NA,AAG,K,84,0.7154782294999686,0.6956521739130435
smoke,H3N2,NA,AAT,N,84,1.0402074804390207,1.032258064516129
smoke,H3N2,NA,ACA,T,84,1.6290663378456391,1.6216216216216217
smoke,H3N2,NA,ACC,T,84,1.0900597130805003,1.0810810810810811
smoke,H3N2,NA,ACG,T,84,0.31228009118323136,0.32432432432432434
smoke,H3N2,NA,ACT,T,84,0.9685938578906291,0.972972972972973
smoke,H3N2,NA,AGA,R,84,2.5123131268317604,2.4545454545454546
smoke,H3N2,NA,AGC,S,84,1.1112336785742924,1.090909090909091
smoke,H3N2,NA,AGG,R,84,1.9823596434621278,1.9090909090909092
smoke,H3N2,NA,AGT,S,84,0.8684807067202243,0.8936170212765958
smoke,H3N2,NA,ATA,I,84,1.4412793396346029,1.4230263157894738
smoke,H3N2,NA,ATC,I,84,0.5855113897877054,0.5675675675675675
smoke,H3N2,NA,ATG,M,84,1.0,1.0
smoke,H3N2,NA,ATT,I,84,0.9732092705776916,0.9729729729729729
smoke,H3N2,NA,CAA,Q,84,1.3140331890331889,1.3333333333333333
smoke,H3N2,NA,CAC,H,84,0.21201298701298701,0.2
smoke,H3N2,NA,CAG,Q,84,0.6859668109668109,0.6666666666666666
smoke,H3N2,NA,CAT,H,84,1.7879870129870126,1.8
smoke,H3N2,NA,CCA,P,84,0.7869529098188982,0.8
smoke,H3N2,NA,CCC,P,84,0.8593426844421979,0.8421052631578947
smoke,H3N2,NA,CCG,P,84,0.21512406132043455,0.21052631578947367
smoke,H3N2,NA,CCT,P,84,2.138580344418469,2.1052631578947367
smoke,H3N2,NA,CGA,R,84,0.2770142642037052,0.27272727272727276
smoke,H3N2,NA,CGC,R,84,0.26078049796993896,0.27272727272727276
smoke,H3N2,NA,CGG,R,84,0.720189360329112,0.7826086956521738
smoke,H3N2,NA,CGT,R,84,0.24734310720335562,0.27272727272727276
smoke,H3N2,NA,CTA,L,84,0.7745526029066402,0.72
smoke,H3N2,NA,CTC,L,84,0.8811822540238688,0.9230769230769231
smoke,H3N2,NA,CTG,L,84,0.9221207438754022,0.96
smoke,H3N2,NA,CTT,L,84,1.0168950040068054,0.96
smoke,H3N2,NA,GAA,E,84,1.175530383465166,1.1666666666666667
smoke,H3N2,NA,GAC,D,84,0.7645254021340978,0.75
smoke,H3N2,NA,GAG,E,84,0.8244696165348337,0.8333333333333334
smoke,H3N2,NA,GAT,D,84,1.235474597865902,1.25
smoke,H3N2,NA,GCA,A,84,1.4269034536891683,1.4285714285714286
smoke,H3N2,NA,GCC,A,84,0.8552917320774464,0.8571428571428571
smoke,H3N2,NA,GCG,A,84,0.31151447758590606,0.2857142857142857
smoke,H3N2,NA,GCT,A,84,1.4062903366474795,1.4285714285714286
smoke,H3N2,NA,GGA,G,84,1.5120429278324015,1.5384615384615385
smoke,H3N2,NA,GGC,G,84,0.7527263672000514,0.7368421052631579
smoke,H3N2,NA,GGG,G,84,0.8100555876871663,0.8205128205128205
smoke,H3N2,NA,GGT,G,84,0.9251751172803805,0.9230769230769231
smoke,H3N2,NA,GTA,V,84,0.7152280076649824,0.6857142857142857
smoke,H3N2,NA,GTC,V,84,0.6787818048322249,0.6857142857142857
smoke,H3N2,NA,GTG,V,84,1.216654229259271,1.2222222222222223
smoke,H3N2,NA,GTT,V,84,1.389335958243521,1.411764705882353
smoke,H3N2,NA,TAC,Y,84,0.30703819989534265,0.2857142857142857
smoke,H3N2,NA,TAT,Y,84,1.6929618001046574,1.7142857142857142
smoke,H3N2,NA,TCA,S,84,1.6374855389031269,1.6479690522243713
smoke,H3N2,NA,TCC,S,84,1.4760365352502531,1.4666666666666666
smoke,H3N2,NA,TCG,S,84,0.14450786135904886,0.13333333333333333
smoke,H3N2,NA,TCT,S,84,0.762255679193054,0.7826086956521738
smoke,H3N2,NA,TGC,C,84,0.9725314368171509,0.9523809523809523
smoke,H3N2,NA,TGG,W,84,1.0,1.0
smoke,H3N2,NA,TGT,C,84,1.027468563182849,1.0476190476190477
smoke,H3N2,NA,TTA,L,84,0.3893165300308158,0.3392857142857143
smoke,H3N2,NA,TTC,F,84,1.1930381126809697,1.2
smoke,H3N2,NA,TTG,L,84,2.015932865156467,2.076923076923077
smoke,H3N2,NA,TTT,F,84,0.8069618873190304,0.8
