representation,protein,subtype,group,rank,feature,mean_value,k
kmer3_freq,HA,H1N1,HA|H1N1,1,AAA,0.051629438996315,3
kmer3_freq,HA,H1N1,HA|H1N1,2,GAA,0.03215040639042854,3
kmer3_freq,HA,H1N1,HA|H1N1,3,AAT,0.0320417545735836,3
kmer3_freq,HA,H1N1,HA|H1N1,4,CAA,0.031434107571840286,3
kmer3_freq,HA,H1N1,HA|H1N1,5,ACA,0.030552368611097336,3
kmer3_freq,HA,H1N1,HA|H1N1,6,ATG,0.029231036081910133,3
kmer3_freq,HA,H1N1,HA|H1N1,7,AGA,0.028619898483157158,3
kmer3_freq,HA,H1N1,HA|H1N1,8,AAG,0.02723420225083828,3
kmer3_freq,HA,H1N1,HA|H1N1,9,TGG,0.025487514212727547,3
kmer3_freq,HA,H1N1,HA|H1N1,10,ATT,0.025265822187066078,3
kmer3_freq,HA,H3N2,HA|H3N2,1,AAA,0.04724046215415001,3
kmer3_freq,HA,H3N2,HA|H3N2,2,CAA,0.03661957383155823,3
kmer3_freq,HA,H3N2,HA|H3N2,3,AAT,0.03638571500778198,3
kmer3_freq,HA,H3N2,HA|H3N2,4,GAA,0.031099833548069,3
kmer3_freq,HA,H3N2,HA|H3N2,5,ATG,0.027185644954442978,3
kmer3_freq,HA,H3N2,HA|H3N2,6,TTG,0.025511324405670166,3
kmer3_freq,HA,H3N2,HA|H3N2,7,TCA,0.024988869205117226,3
kmer3_freq,HA,H3N2,HA|H3N2,8,ACA,0.024863649159669876,3
kmer3_freq,HA,H3N2,HA|H3N2,9,GGA,0.02460556849837303,3
kmer3_freq,HA,H3N2,HA|H3N2,10,TGA,0.024043239653110504,3
kmer3_freq,NA,H1N1,NA|H1N1,1,AAT,0.03801821917295456,3
kmer3_freq,NA,H1N1,NA|H1N1,2,TGG,0.03294508904218674,3
kmer3_freq,NA,H1N1,NA|H1N1,3,AAA,0.03156117722392082,3
kmer3_freq,NA,H1N1,NA|H1N1,4,CAA,0.030673984438180923,3
kmer3_freq,NA,H1N1,NA|H1N1,5,ACA,0.026936493813991547,3
kmer3_freq,NA,H1N1,NA|H1N1,6,ATG,0.02659718133509159,3
kmer3_freq,NA,H1N1,NA|H1N1,7,ATA,0.02522190287709236,3
kmer3_freq,NA,H1N1,NA|H1N1,8,GAA,0.025073867291212082,3
kmer3_freq,NA,H1N1,NA|H1N1,9,GGA,0.02489309571683407,3
kmer3_freq,NA,H1N1,NA|H1N1,10,TAA,0.0242723748087883,3
kmer3_freq,NA,H3N2,NA|H3N2,1,AAA,0.034248825162649155,3
kmer3_freq,NA,H3N2,NA|H3N2,2,CAA,0.030196305364370346,3
kmer3_freq,NA,H3N2,NA|H3N2,3,ATG,0.027710452675819397,3
kmer3_freq,NA,H3N2,NA|H3N2,4,TGT,0.026432277634739876,3
kmer3_freq,NA,H3N2,NA|H3N2,5,GAA,0.025780046358704567,3
kmer3_freq,NA,H3N2,NA|H3N2,6,GGA,0.024995064362883568,3
kmer3_freq,NA,H3N2,NA|H3N2,7,TCA,0.0247509703040123,3
kmer3_freq,NA,H3N2,NA|H3N2,8,AAT,0.024339020252227783,3
kmer3_freq,NA,H3N2,NA|H3N2,9,ATA,0.023992152884602547,3
kmer3_freq,NA,H3N2,NA|H3N2,10,CAT,0.023703821003437042,3
kmer4_freq,HA,H1N1,HA|H1N1,1,AAAA,0.019902560859918594,4
kmer4_freq,HA,H1N1,HA|H1N1,2,GAAA,0.01341464277356863,4
kmer4_freq,HA,H1N1,HA|H1N1,3,AAAT,0.013083872385323048,4
kmer4_freq,HA,H1N1,HA|H1N1,4,AAAG,0.012662859633564949,4
kmer4_freq,HA,H1N1,HA|H1N1,5,AATG,0.012374341487884521,4
kmer4_freq,HA,H1N1,HA|H1N1,6,AGAA,0.011765913106501102,4
kmer4_freq,HA,H1N1,HA|H1N1,7,CAAA,0.011719110421836376,4
kmer4_freq,HA,H1N1,HA|H1N1,8,TGGA,0.011581874452531338,4
kmer4_freq,HA,H1N1,HA|H1N1,9,AAGA,0.011199060827493668,4
kmer4_freq,HA,H1N1,HA|H1N1,10,ACAA,0.010959651321172714,4
kmer4_freq,HA,H3N2,HA|H3N2,1,CAAA,0.016167256981134415,4
kmer4_freq,HA,H3N2,HA|H3N2,2,AAAA,0.01608346216380596,4
kmer4_freq,HA,H3N2,HA|H3N2,3,AAAT,0.015516679733991623,4
kmer4_freq,HA,H3N2,HA|H3N2,4,AATG,0.013425728306174278,4
kmer4_freq,HA,H3N2,HA|H3N2,5,ACAA,0.01262019481509924,4
kmer4_freq,HA,H3N2,HA|H3N2,6,GAAA,0.011263569816946983,4
kmer4_freq,HA,H3N2,HA|H3N2,7,AACA,0.0105280801653862,4
kmer4_freq,HA,H3N2,HA|H3N2,8,AGAA,0.01030070148408413,4
kmer4_freq,HA,H3N2,HA|H3N2,9,AGCA,0.009987566620111465,4
kmer4_freq,HA,H3N2,HA|H3N2,10,ATCA,0.009817521087825298,4
kmer4_freq,NA,H1N1,NA|H1N1,1,TGGA,0.012411177158355713,4
kmer4_freq,NA,H1N1,NA|H1N1,2,AATG,0.011929599568247795,4
kmer4_freq,NA,H1N1,NA|H1N1,3,ACAA,0.011019034311175346,4
kmer4_freq,NA,H1N1,NA|H1N1,4,ATGG,0.010787497274577618,4
kmer4_freq,NA,H1N1,NA|H1N1,5,AAAT,0.010339166037738323,4
kmer4_freq,NA,H1N1,NA|H1N1,6,TTGG,0.010254009626805782,4
kmer4_freq,NA,H1N1,NA|H1N1,7,CAAT,0.010186276398599148,4
kmer4_freq,NA,H1N1,NA|H1N1,8,AACA,0.010029904544353485,4
kmer4_freq,NA,H1N1,NA|H1N1,9,GACA,0.00994948111474514,4
kmer4_freq,NA,H1N1,NA|H1N1,10,AATC,0.009696772322058678,4
kmer4_freq,NA,H3N2,NA|H3N2,1,GAAA,0.010855413973331451,4
kmer4_freq,NA,H3N2,NA|H3N2,2,AAAA,0.010253245942294598,4
kmer4_freq,NA,H3N2,NA|H3N2,3,AACA,0.010035146959125996,4
kmer4_freq,NA,H3N2,NA|H3N2,4,GGAA,0.009700600057840347,4
kmer4_freq,NA,H3N2,NA|H3N2,5,TTGT,0.009541467763483524,4
kmer4_freq,NA,H3N2,NA|H3N2,6,TGTG,0.009187610819935799,4
kmer4_freq,NA,H3N2,NA|H3N2,7,CAAT,0.00918451976031065,4
kmer4_freq,NA,H3N2,NA|H3N2,8,ATGG,0.009137609973549843,4
kmer4_freq,NA,H3N2,NA|H3N2,9,AGGA,0.009126988239586353,4
kmer4_freq,NA,H3N2,NA|H3N2,10,AAAT,0.0088677192106843,4
kmer5_freq,HA,H1N1,HA|H1N1,1,AAAAA,0.007653082720935345,5
kmer5_freq,HA,H1N1,HA|H1N1,2,GGAAA,0.007397140376269817,5
kmer5_freq,HA,H1N1,HA|H1N1,3,AAGAA,0.005765783600509167,5
kmer5_freq,HA,H1N1,HA|H1N1,4,AAAAT,0.005526609253138304,5
kmer5_freq,HA,H1N1,HA|H1N1,5,TGGAA,0.00537521718069911,5
kmer5_freq,HA,H1N1,HA|H1N1,6,AAATG,0.005217486061155796,5
kmer5_freq,HA,H1N1,HA|H1N1,7,CAAAA,0.005211693700402975,5
kmer5_freq,HA,H1N1,HA|H1N1,8,AGAAT,0.00517761055380106,5
kmer5_freq,HA,H1N1,HA|H1N1,9,CTGGA,0.004878937732428312,5
kmer5_freq,HA,H1N1,HA|H1N1,10,AAAAG,0.004730261862277985,5
kmer5_freq,HA,H3N2,HA|H3N2,1,AAATG,0.006792748346924782,5
kmer5_freq,HA,H3N2,HA|H3N2,2,CAAAA,0.006214808207005262,5
kmer5_freq,HA,H3N2,HA|H3N2,3,AACAA,0.005675221793353558,5
kmer5_freq,HA,H3N2,HA|H3N2,4,AAGCA,0.0054801576770842075,5
kmer5_freq,HA,H3N2,HA|H3N2,5,AAAAT,0.005432347767055035,5
kmer5_freq,HA,H3N2,HA|H3N2,6,GAAAT,0.0051055727526545525,5
kmer5_freq,HA,H3N2,HA|H3N2,7,CCAAA,0.004953425377607346,5
kmer5_freq,HA,H3N2,HA|H3N2,8,ACAAA,0.004893189296126366,5
kmer5_freq,HA,H3N2,HA|H3N2,9,TCAAA,0.0047006867825984955,5
kmer5_freq,HA,H3N2,HA|H3N2,10,CAAAT,0.004654932767152786,5
kmer5_freq,NA,H1N1,NA|H1N1,1,AGACA,0.00509279128164053,5
kmer5_freq,NA,H1N1,NA|H1N1,2,AATGG,0.005047811195254326,5
kmer5_freq,NA,H1N1,NA|H1N1,3,ACAAT,0.0046110800467431545,5
kmer5_freq,NA,H1N1,NA|H1N1,4,ATGGA,0.004604256711900234,5
kmer5_freq,NA,H1N1,NA|H1N1,5,GACAA,0.004536841996014118,5
kmer5_freq,NA,H1N1,NA|H1N1,6,TTGGA,0.004528793040663004,5
kmer5_freq,NA,H1N1,NA|H1N1,7,TGGAA,0.004525223281234503,5
kmer5_freq,NA,H1N1,NA|H1N1,8,ATTGG,0.004522006027400494,5
kmer5_freq,NA,H1N1,NA|H1N1,9,AATCA,0.00431452039629221,5
kmer5_freq,NA,H1N1,NA|H1N1,10,AATGA,0.004172277636826038,5
kmer5_freq,NA,H3N2,NA|H3N2,1,GGAAA,0.005213295575231314,5
kmer5_freq,NA,H3N2,NA|H3N2,2,ACAAT,0.004204757511615753,5
kmer5_freq,NA,H3N2,NA|H3N2,3,TGATG,0.004188245162367821,5
kmer5_freq,NA,H3N2,NA|H3N2,4,TGTGT,0.004183471202850342,5
kmer5_freq,NA,H3N2,NA|H3N2,5,CAGGA,0.0041739423759281635,5
kmer5_freq,NA,H3N2,NA|H3N2,6,TCATG,0.004093674477189779,5
kmer5_freq,NA,H3N2,NA|H3N2,7,AGAAA,0.003947882447391748,5
kmer5_freq,NA,H3N2,NA|H3N2,8,TGTTT,0.003939344082027674,5
kmer5_freq,NA,H3N2,NA|H3N2,9,TGGAA,0.003897736081853509,5
kmer5_freq,NA,H3N2,NA|H3N2,10,ATGGA,0.003895313711836934,5
