subtype,protein,codon,amino_acid,n_reliable_sequences,mean_rscu,median_rscu
H1N1,HA,AAA,K,2348,1.2674025720616737,1.2682926829268293
H1N1,HA,AAC,N,2348,0.7276205709057818,0.7111111111111111
H1N1,HA,AAG,K,2348,0.7325974279383263,0.7317073170731707
H1N1,HA,AAT,N,2348,1.2723794290942185,1.288888888888889
H1N1,HA,ACA,T,2348,2.4923359671773477,2.4864864864864864
H1N1,HA,ACC,T,2348,0.29119109976591784,0.21621621621621623
H1N1,HA,ACG,T,2348,0.25726739796107123,0.2926829268292683
H1N1,HA,ACT,T,2348,0.9592055350956632,0.972972972972973
H1N1,HA,AGA,R,2348,4.49586232510305,4.666666666666667
H1N1,HA,AGC,S,2348,1.050399096867918,1.05
H1N1,HA,AGG,R,2348,1.4863527565068133,1.3333333333333333
H1N1,HA,AGT,S,2348,0.7634591175582996,0.8
H1N1,HA,ATA,I,2348,0.9769448617349419,0.9729729729729729
H1N1,HA,ATC,I,2348,0.5753765347229444,0.5526315789473685
H1N1,HA,ATG,M,2348,1.0,1.0
H1N1,HA,ATT,I,2348,1.4476786035421139,1.5
H1N1,HA,CAA,Q,2348,0.9890862179624832,1.0
H1N1,HA,CAC,H,2348,1.0010760853286405,1.0666666666666667
H1N1,HA,CAG,Q,2348,1.0109137820375167,1.0
H1N1,HA,CAT,H,2348,0.9989239146713594,0.9333333333333333
H1N1,HA,CCA,P,2348,1.954555746912064,1.894736842105263
H1N1,HA,CCC,P,2348,0.7623808048850638,0.8421052631578947
H1N1,HA,CCG,P,2348,0.9153937189264008,1.0526315789473684
H1N1,HA,CCT,P,2348,0.36766972927647185,0.21052631578947367
H1N1,HA,CGA,R,2348,0.006186569490164935,0.0
H1N1,HA,CGC,R,2348,0.0014794225768851432,0.0
H1N1,HA,CGG,R,2348,0.002498512426334537,0.0
H1N1,HA,CGT,R,2348,0.0076204138967521035,0.0
H1N1,HA,CTA,L,2348,1.5868981432248521,1.6595744680851063
H1N1,HA,CTC,L,2348,0.5768110119558761,0.6521739130434783
H1N1,HA,CTG,L,2348,1.5696854125770507,1.5652173913043477
H1N1,HA,CTT,L,2348,0.24459423422620588,0.13043478260869565
H1N1,HA,GAA,E,2348,1.399818222848497,1.411764705882353
H1N1,HA,GAC,D,2348,0.9885673253876536,1.0
H1N1,HA,GAG,E,2348,0.6001817771515032,0.5882352941176471
H1N1,HA,GAT,D,2348,1.0114326746123463,1.0
H1N1,HA,GCA,A,2348,1.9942651006268342,2.0606060606060606
H1N1,HA,GCC,A,2348,1.0815247644693706,1.0909090909090908
H1N1,HA,GCG,A,2348,0.25757625861831623,0.24242424242424243
H1N1,HA,GCT,A,2348,0.6666338762854788,0.6060606060606061
H1N1,HA,GGA,G,2348,1.3804144293283382,1.3
H1N1,HA,GGC,G,2348,0.4767005701659541,0.5
H1N1,HA,GGG,G,2348,1.3337392266479042,1.302325581395349
H1N1,HA,GGT,G,2348,0.8091457738578035,0.8
H1N1,HA,GTA,V,2348,1.7232239112852874,1.7435897435897436
H1N1,HA,GTC,V,2348,0.6613499431152028,0.6486486486486487
H1N1,HA,GTG,V,2348,0.8397402915966901,0.8421052631578947
H1N1,HA,GTT,V,2348,0.7756858540028198,0.7567567567567568
H1N1,HA,TAC,Y,2348,0.9706205043137428,0.9629629629629629
H1N1,HA,TAT,Y,2348,1.0293794956862572,1.037037037037037
H1N1,HA,TCA,S,2348,2.269076598906351,2.297872340425532
H1N1,HA,TCC,S,2348,0.5887121982977616,0.5333333333333333
H1N1,HA,TCG,S,2348,0.14495326089448504,0.13636363636363638
H1N1,HA,TCT,S,2348,1.1833997274751853,1.2
H1N1,HA,TGC,C,2348,0.8011689726998124,0.8
H1N1,HA,TGG,W,2348,1.0,1.0
H1N1,HA,TGT,C,2348,1.1988310273001874,1.2
H1N1,HA,TTA,L,2348,0.5987310255599259,0.6521739130434783
H1N1,HA,TTC,F,2348,1.2162889607478509,1.263157894736842
H1N1,HA,TTG,L,2348,1.4232801724560893,1.434782608695652
H1N1,HA,TTT,F,2348,0.7837110392521492,0.7368421052631579
H1N1,NA,AAA,K,2577,1.0904047423444678,1.12
H1N1,NA,AAC,N,2577,0.8057542315056344,0.8108108108108109
H1N1,NA,AAG,K,2577,0.9095952576555321,0.88
H1N1,NA,AAT,N,2577,1.1942457684943657,1.1891891891891893
H1N1,NA,ACA,T,2577,1.494417889670656,1.4814814814814814
H1N1,NA,ACC,T,2577,1.1976512467878044,1.1851851851851851
H1N1,NA,ACG,T,2577,0.025655997876694953,0.0
H1N1,NA,ACT,T,2577,1.2822748656648446,1.2857142857142858
H1N1,NA,AGA,R,2577,3.498982148989945,3.5294117647058822
H1N1,NA,AGC,S,2577,1.1023580297142095,1.1111111111111112
H1N1,NA,AGG,R,2577,1.1812809299033407,1.0588235294117647
H1N1,NA,AGT,S,2577,1.4413316329285608,1.3928571428571428
H1N1,NA,ATA,I,2577,1.3916510896684295,1.3695652173913042
H1N1,NA,ATC,I,2577,0.6728660162000384,0.6666666666666666
H1N1,NA,ATG,M,2577,1.0,1.0
H1N1,NA,ATT,I,2577,0.9354828941315321,0.9545454545454546
H1N1,NA,CAA,Q,2577,1.1544504049520141,1.0666666666666667
H1N1,NA,CAC,H,2577,0.6825054973483379,0.6666666666666666
H1N1,NA,CAG,Q,2577,0.8455495950479858,0.9333333333333333
H1N1,NA,CAT,H,2577,1.3174945026516622,1.3333333333333333
H1N1,NA,CCA,P,2577,1.9341729321962842,2.0
H1N1,NA,CCC,P,2577,0.5397401020561898,0.5454545454545454
H1N1,NA,CCG,P,2577,0.37334761423598695,0.36363636363636365
H1N1,NA,CCT,P,2577,1.1527393515115387,1.0909090909090908
H1N1,NA,CGA,R,2577,0.9632497394835147,1.0588235294117647
H1N1,NA,CGC,R,2577,0.30046544749877163,0.3529411764705882
H1N1,NA,CGG,R,2577,0.00776796044071694,0.0
H1N1,NA,CGT,R,2577,0.04825377368371104,0.0
H1N1,NA,CTA,L,2577,1.635291999226681,1.6666666666666667
H1N1,NA,CTC,L,2577,0.3004024654164136,0.3333333333333333
H1N1,NA,CTG,L,2577,0.6909294376522632,0.7058823529411764
H1N1,NA,CTT,L,2577,0.1905064576364994,0.0
H1N1,NA,GAA,E,2577,1.306620758454423,1.3333333333333333
H1N1,NA,GAC,D,2577,1.0358360286482942,1.0
H1N1,NA,GAG,E,2577,0.6933792415455771,0.6666666666666666
H1N1,NA,GAT,D,2577,0.9641639713517058,1.0
H1N1,NA,GCA,A,2577,1.06994022682742,1.0
H1N1,NA,GCC,A,2577,0.6643454717185061,0.75
H1N1,NA,GCG,A,2577,0.2139306270881614,0.25
H1N1,NA,GCT,A,2577,2.0517836743659124,2.0
H1N1,NA,GGA,G,2577,1.552235715796928,1.511111111111111
H1N1,NA,GGC,G,2577,0.6486422411577519,0.6363636363636364
H1N1,NA,GGG,G,2577,0.9327244846955797,0.9777777777777777
H1N1,NA,GGT,G,2577,0.8663975583497403,0.8888888888888888
H1N1,NA,GTA,V,2577,0.9500203847086209,1.0
H1N1,NA,GTC,V,2577,0.6948351087158836,0.64
H1N1,NA,GTG,V,2577,1.141965938914083,1.1428571428571428
H1N1,NA,GTT,V,2577,1.2131785676614122,1.1851851851851851
H1N1,NA,TAC,Y,2577,0.9885393612983833,1.0
H1N1,NA,TAT,Y,2577,1.0114606387016163,1.0
H1N1,NA,TCA,S,2577,1.4561143447230545,1.3928571428571428
H1N1,NA,TCC,S,2577,0.6460206044701227,0.6428571428571428
H1N1,NA,TCG,S,2577,0.2825006437886555,0.3214285714285714
H1N1,NA,TCT,S,2577,1.071674744375397,1.0588235294117647
H1N1,NA,TGC,C,2577,0.9277790792807534,0.9473684210526315
H1N1,NA,TGG,W,2577,1.0,1.0
H1N1,NA,TGT,C,2577,1.0722209207192466,1.0526315789473684
H1N1,NA,TTA,L,2577,1.408718852296866,1.4117647058823528
H1N1,NA,TTC,F,2577,1.001381008121512,1.0
H1N1,NA,TTG,L,2577,1.7741507877712768,1.7647058823529411
H1N1,NA,TTT,F,2577,0.9986189918784879,1.0
H3N2,HA,AAA,K,1988,1.455409395580286,1.4054054054054055
H3N2,HA,AAC,N,1988,0.8626550496778809,0.8571428571428571
H3N2,HA,AAG,K,1988,0.5445906044197141,0.5945945945945946
H3N2,HA,AAT,N,1988,1.137344950322119,1.1428571428571428
H3N2,HA,ACA,T,1988,1.51210840257263,1.5294117647058822
H3N2,HA,ACC,T,1988,0.4028339901330454,0.375
H3N2,HA,ACG,T,1988,0.572110648106686,0.5882352941176471
H3N2,HA,ACT,T,1988,1.5129469591876383,1.5483870967741935
H3N2,HA,AGA,R,1988,2.9775667932031364,3.0
H3N2,HA,AGC,S,1988,1.8807900368558985,1.902439024390244
H3N2,HA,AGG,R,1988,1.880730783630999,1.9285714285714284
H3N2,HA,AGT,S,1988,0.849934974591914,0.8372093023255813
H3N2,HA,ATA,I,1988,1.0185876480584861,1.0588235294117647
H3N2,HA,ATC,I,1988,1.0552438410360363,1.0588235294117647
H3N2,HA,ATG,M,1988,1.0,1.0
H3N2,HA,ATT,I,1988,0.9261685109054778,0.9230769230769231
H3N2,HA,CAA,Q,1988,1.5101247252360452,1.5
H3N2,HA,CAC,H,1988,1.0431931973682473,1.0909090909090908
H3N2,HA,CAG,Q,1988,0.4898752747639547,0.5
H3N2,HA,CAT,H,1988,0.9568068026317521,0.9090909090909091
H3N2,HA,CCA,P,1988,1.2903223115065374,1.2
H3N2,HA,CCC,P,1988,0.861763871372841,0.8
H3N2,HA,CCG,P,1988,0.7366659431928757,0.8
H3N2,HA,CCT,P,1988,1.1112478739277456,1.2
H3N2,HA,CGA,R,1988,0.7799700128841272,0.8571428571428571
H3N2,HA,CGC,R,1988,0.07036674321538683,0.0
H3N2,HA,CGG,R,1988,0.28909674427949267,0.2222222222222222
H3N2,HA,CGT,R,1988,0.002268922786857984,0.0
H3N2,HA,CTA,L,1988,0.9960004071510754,0.9767441860465116
H3N2,HA,CTC,L,1988,0.29345820524165145,0.27906976744186046
H3N2,HA,CTG,L,1988,1.4705355613984665,1.5
H3N2,HA,CTT,L,1988,1.3075832515113495,1.3043478260869565
H3N2,HA,GAA,E,1988,1.1418827236274518,1.1428571428571428
H3N2,HA,GAC,D,1988,1.020804435681483,1.0
H3N2,HA,GAG,E,1988,0.8581172763725478,0.8571428571428571
H3N2,HA,GAT,D,1988,0.9791955643185171,1.0
H3N2,HA,GCA,A,1988,1.5043184661657898,1.5
H3N2,HA,GCC,A,1988,1.0137994395814494,1.032258064516129
H3N2,HA,GCG,A,1988,0.2527304672429774,0.25806451612903225
H3N2,HA,GCT,A,1988,1.2291516270097829,1.2456896551724137
H3N2,HA,GGA,G,1988,1.6374829107881421,1.619047619047619
H3N2,HA,GGC,G,1988,0.657765581151415,0.6666666666666666
H3N2,HA,GGG,G,1988,0.9485831912899708,0.9523809523809523
H3N2,HA,GGT,G,1988,0.756168316770472,0.7619047619047619
H3N2,HA,GTA,V,1988,1.1755003235832706,1.1666666666666667
H3N2,HA,GTC,V,1988,0.2934871933908832,0.17391304347826086
H3N2,HA,GTG,V,1988,0.7414011132648769,0.7692307692307693
H3N2,HA,GTT,V,1988,1.78961136976097,1.8333333333333333
H3N2,HA,TAC,Y,1988,1.2192079594143412,1.2222222222222223
H3N2,HA,TAT,Y,1988,0.780792040585659,0.7777777777777778
H3N2,HA,TCA,S,1988,1.7852961246527153,1.7999999999999998
H3N2,HA,TCC,S,1988,0.6071746479442983,0.5853658536585367
H3N2,HA,TCG,S,1988,0.014944104287742593,0.0
H3N2,HA,TCT,S,1988,0.8618601116674314,0.8571428571428571
H3N2,HA,TGC,C,1988,1.1070575499782318,1.1111111111111112
H3N2,HA,TGG,W,1988,1.0,1.0
H3N2,HA,TGT,C,1988,0.8929424500217683,0.8888888888888888
H3N2,HA,TTA,L,1988,0.38507369374417144,0.4090909090909091
H3N2,HA,TTC,F,1988,1.195838692840371,1.1818181818181819
H3N2,HA,TTG,L,1988,1.5473488809532858,1.5348837209302324
H3N2,HA,TTT,F,1988,0.8041613071596289,0.8181818181818182
H3N2,NA,AAA,K,2061,1.2842677220254588,1.3043478260869565
H3N2,NA,AAC,N,2061,0.9628551495873223,0.967741935483871
H3N2,NA,AAG,K,2061,0.715732277974541,0.6956521739130435
H3N2,NA,AAT,N,2061,1.0371448504126777,1.032258064516129
H3N2,NA,ACA,T,2061,1.6161219276446337,1.6216216216216217
H3N2,NA,ACC,T,2061,1.100024566544321,1.0810810810810811
H3N2,NA,ACG,T,2061,0.3213591502215709,0.32432432432432434
H3N2,NA,ACT,T,2061,0.9624943555894747,0.972972972972973
H3N2,NA,AGA,R,2061,2.4967364711206703,2.4545454545454546
H3N2,NA,AGC,S,2061,1.105272068428064,1.090909090909091
H3N2,NA,AGG,R,2061,2.0018791563543896,1.9090909090909092
H3N2,NA,AGT,S,2061,0.8697819953274532,0.8936170212765958
H3N2,NA,ATA,I,2061,1.4380693625651084,1.425
H3N2,NA,ATC,I,2061,0.5884522789469689,0.5675675675675675
H3N2,NA,ATG,M,2061,1.0,1.0
H3N2,NA,ATT,I,2061,0.9734783584879227,0.9729729729729729
H3N2,NA,CAA,Q,2061,1.3252693449199997,1.3333333333333333
H3N2,NA,CAC,H,2061,0.20413156308352817,0.2
H3N2,NA,CAG,Q,2061,0.6747306550799999,0.6666666666666666
H3N2,NA,CAT,H,2061,1.795868436916472,1.8
H3N2,NA,CCA,P,2061,0.794595490133708,0.8
H3N2,NA,CCC,P,2061,0.8567206120991465,0.8421052631578947
H3N2,NA,CCG,P,2061,0.21330702517879016,0.21052631578947367
H3N2,NA,CCT,P,2061,2.1353768725883553,2.1052631578947367
H3N2,NA,CGA,R,2061,0.2768595152090201,0.27272727272727276
H3N2,NA,CGC,R,2061,0.2558151049012721,0.27272727272727276
H3N2,NA,CGG,R,2061,0.714714032926238,0.7826086956521738
H3N2,NA,CGT,R,2061,0.2539957194884099,0.27272727272727276
H3N2,NA,CTA,L,2061,0.7680428058511723,0.72
H3N2,NA,CTC,L,2061,0.8919362748791267,0.9230769230769231
H3N2,NA,CTG,L,2061,0.9041926373804104,0.96
H3N2,NA,CTT,L,2061,1.013396433207205,0.96
H3N2,NA,GAA,E,2061,1.1822562398156768,1.1666666666666667
H3N2,NA,GAC,D,2061,0.7692966399744452,0.75
H3N2,NA,GAG,E,2061,0.8177437601843233,0.8333333333333334
H3N2,NA,GAT,D,2061,1.2307033600255548,1.25
H3N2,NA,GCA,A,2061,1.4311333199722616,1.4285714285714286
H3N2,NA,GCC,A,2061,0.8488610000040775,0.8571428571428571
H3N2,NA,GCG,A,2061,0.2948907335113345,0.2857142857142857
H3N2,NA,GCT,A,2061,1.425114946512326,1.4285714285714286
H3N2,NA,GGA,G,2061,1.5204116552200255,1.5384615384615385
H3N2,NA,GGC,G,2061,0.7503631896099378,0.7368421052631579
H3N2,NA,GGG,G,2061,0.8013299909890358,0.8205128205128205
H3N2,NA,GGT,G,2061,0.9278951641810008,0.9230769230769231
H3N2,NA,GTA,V,2061,0.708184804706339,0.6857142857142857
H3N2,NA,GTC,V,2061,0.6808978512360876,0.6857142857142857
H3N2,NA,GTG,V,2061,1.2247036915586176,1.2571428571428571
H3N2,NA,GTT,V,2061,1.3862136524989552,1.3714285714285714
H3N2,NA,TAC,Y,2061,0.31049043549043537,0.2857142857142857
H3N2,NA,TAT,Y,2061,1.6895095645095648,1.7142857142857142
H3N2,NA,TCA,S,2061,1.6396574213751742,1.6595744680851063
H3N2,NA,TCC,S,2061,1.4678796300208814,1.4666666666666666
H3N2,NA,TCG,S,2061,0.14487241518662416,0.13043478260869565
H3N2,NA,TCT,S,2061,0.7725364696618023,0.7826086956521738
H3N2,NA,TGC,C,2061,0.9735401425357758,0.9523809523809523
H3N2,NA,TGG,W,2061,1.0,1.0
H3N2,NA,TGT,C,2061,1.0264598574642243,1.0476190476190477
H3N2,NA,TTA,L,2061,0.3872930125002779,0.2608695652173913
H3N2,NA,TTC,F,2061,1.1965610556542998,1.2
H3N2,NA,TTG,L,2061,2.035138836181808,2.076923076923077
H3N2,NA,TTT,F,2061,0.8034389443457001,0.8
