panel,subtype,protein,k,n_sequences,mean_entropy,median_entropy,mean_valid_kmers,top1_kmer,top1_frequency,top2_kmer,top2_frequency,top3_kmer,top3_frequency
mvp,H1N1,HA,3,5000,5.772017491285305,5.772780361338504,1724.3918,AAA,0.05165890953552435,GAA,0.03215626518288941,AAT,0.03204167405574534
mvp,H1N1,HA,4,5000,7.596220033741888,7.5963893941039675,1723.3768,AAAA,0.019922282811280737,GAAA,0.013419584155943146,AAAT,0.013083615840714578
mvp,H1N1,HA,5,5000,9.158727154289096,9.15786669314383,1722.3618,AAAAA,0.007659946940300232,GGAAA,0.0073983294334558514,AAGAA,0.005764178002554399
mvp,H1N1,NA,3,5000,5.8061373544144255,5.806090446215725,1421.2404,AAT,0.038020731749533715,TGG,0.03294066225530881,AAA,0.03158438220585342
mvp,H1N1,NA,4,5000,7.630028760207756,7.630146511786821,1420.2328,TGGA,0.012408951546535188,AATG,0.011930438446429346,ACAA,0.011018193636986837
mvp,H1N1,NA,5,5000,9.149709489798976,9.149610846281869,1419.2252,AGACA,0.005091369572637239,AATGG,0.005046697310617089,ACAAT,0.004610121071694612
mvp,H3N2,HA,3,5000,5.787311578735056,5.7866356715772636,1719.321,AAA,0.04724690735470572,CAA,0.03661561744432831,AAT,0.036386108236914454
mvp,H3N2,HA,4,5000,7.616334303022936,7.614938986982239,1718.3044,CAAA,0.016166169393502107,AAAA,0.016088069145373775,AAAT,0.015515411588307637
mvp,H3N2,HA,5,5000,9.175493777820357,9.173478919714164,1717.2878,AAATG,0.006792454939702011,CAAAA,0.0062147998722171085,AACAA,0.005674645799032638
mvp,H3N2,NA,3,5000,5.831176965430494,5.831059064167837,1426.7668,AAA,0.034268529377050265,CAA,0.030195684396356854,ATG,0.027708522513980562
mvp,H3N2,NA,4,5000,7.666305463199342,7.666194656311381,1425.7452,GAAA,0.010858461946777026,AAAA,0.010267051924846038,AACA,0.01003278846739235
mvp,H3N2,NA,5,5000,9.180977244224692,9.179334839473544,1424.7238,GGAAA,0.005213080598499162,ACAAT,0.004203902538864024,TGATG,0.00418761868089801
smoke,H1N1,HA,3,200,5.771767657772209,5.772338057609245,1726.56,AAA,0.05064984709480122,AAT,0.03361308034473172,GAA,0.03346538782318599
smoke,H1N1,HA,4,200,7.5942181866397815,7.594093282195001,1725.545,AAAA,0.01900558953837773,GAAA,0.013555137652162071,AAAT,0.013004586956584732
smoke,H1N1,HA,5,200,9.160299179947957,9.158066409988649,1724.53,AAAAA,0.006854041390987689,GGAAA,0.006825047984088418,AAGAA,0.005865366215722544
smoke,H1N1,NA,3,200,5.804749564908405,5.804786155159142,1422.615,AAT,0.03787391528980082,AAA,0.03369499126608394,TGG,0.032623021688932004
smoke,H1N1,NA,4,200,7.630163512517172,7.629979498041422,1421.585,TGGA,0.01232427185148971,AATG,0.011508281249450438,ACAA,0.011212836376298286
smoke,H1N1,NA,5,200,9.151076322054038,9.150968271364901,1420.555,GACAA,0.0046531109319948895,AATGG,0.004624952923329262,AATCA,0.004463044373501906
smoke,H3N2,HA,3,200,5.788260658272021,5.787556023045574,1716.64,AAA,0.04717063566035977,CAA,0.03669086121726163,AAT,0.036408332556622236
smoke,H3N2,HA,4,200,7.6179654996933515,7.616198459451347,1715.58,CAAA,0.016186945522796956,AAAA,0.01598293288567132,AAAT,0.015490388090325137
smoke,H3N2,HA,5,200,9.177752292018702,9.176273018658652,1714.52,AAATG,0.00672199799360754,CAAAA,0.006164990784592772,AACAA,0.005721718031868978
smoke,H3N2,NA,3,200,5.832029952667326,5.831720246209775,1426.19,AAA,0.034108358633842616,CAA,0.03003456762422959,ATG,0.027815368218820774
smoke,H3N2,NA,4,200,7.66754233811987,7.666843223762761,1425.15,GAAA,0.010826930498544014,AAAA,0.010160333999929832,AACA,0.010062098726449847
smoke,H3N2,NA,5,200,9.182865686629645,9.180989728763931,1424.11,GGAAA,0.005206760713708913,TGATG,0.004213157691470462,ACAAT,0.004195602867756002
