subtype,protein,codon,amino_acid,n_reliable_sequences,total_count,mean_frequency,median_frequency
H1N1,HA,AAA,K,2348,61916,0.04651503554498304,0.047619047619047616
H1N1,HA,AAC,N,2348,37220,0.0279640193730361,0.02821869488536155
H1N1,HA,AAG,K,2348,35839,0.026923743282449605,0.026455026455026454
H1N1,HA,AAT,N,2348,64819,0.04869567918257571,0.04938271604938271
H1N1,HA,ACA,T,2348,56727,0.042615199477115874,0.042328042328042326
H1N1,HA,ACC,T,2348,6457,0.004851546280945933,0.003527336860670194
H1N1,HA,ACG,T,2348,5880,0.004416982307749075,0.005291005291005291
H1N1,HA,ACT,T,2348,21847,0.016411952124886556,0.01763668430335097
H1N1,HA,AGA,R,2348,32431,0.02436318099082471,0.024691358024691357
H1N1,HA,AGC,S,2348,18010,0.013530860525699585,0.012345679012345678
H1N1,HA,AGG,R,2348,10746,0.008074396259673459,0.007054673721340388
H1N1,HA,AGT,S,2348,13201,0.009918231445731335,0.010582010582010581
H1N1,HA,ATA,I,2348,26887,0.020200059052184933,0.021164021164021163
H1N1,HA,ATC,I,2348,15790,0.01186299968265318,0.012345679012345678
H1N1,HA,ATG,M,2348,17354,0.01303808533662287,0.012345679012345678
H1N1,HA,ATT,I,2348,39976,0.03003072754625847,0.031746031746031744
H1N1,HA,CAA,Q,2348,18174,0.01365439912997556,0.014109347442680775
H1N1,HA,CAC,H,2348,17565,0.013195640758658703,0.014109347442680775
H1N1,HA,CAG,Q,2348,18450,0.01386019922820814,0.014109347442680775
H1N1,HA,CAT,H,2348,17516,0.01315954010794993,0.012345679012345678
H1N1,HA,CCA,P,2348,22351,0.016792620390460002,0.015873015873015872
H1N1,HA,CCC,P,2348,8686,0.006525650860836726,0.007054673721340388
H1N1,HA,CCG,P,2348,10374,0.007792555936295365,0.008818342151675485
H1N1,HA,CCT,P,2348,4260,0.0032008719051318103,0.001763668430335097
H1N1,HA,CGA,R,2348,46,3.456156726965354e-05,0.0
H1N1,HA,CGC,R,2348,11,8.262501164261527e-06,0.0
H1N1,HA,CGG,R,2348,19,1.427822840126723e-05,0.0
H1N1,HA,CGT,R,2348,57,4.284662906992413e-05,0.0
H1N1,HA,CTA,L,2348,28672,0.021539548435835356,0.02292768959435626
H1N1,HA,CTC,L,2348,10376,0.007794123130305248,0.008818342151675485
H1N1,HA,CTG,L,2348,28454,0.021377325978686884,0.021164021164021163
H1N1,HA,CTT,L,2348,4503,0.0033841729015415,0.001763668430335097
H1N1,HA,GAA,E,2348,56961,0.04279368939348302,0.042328042328042326
H1N1,HA,GAC,D,2348,29095,0.0218568081451831,0.02292768959435626
H1N1,HA,GAG,E,2348,24520,0.01842218892905636,0.01763668430335097
H1N1,HA,GAT,D,2348,29584,0.0222249418848374,0.02120141342756184
H1N1,HA,GCA,A,2348,38443,0.028879085751627155,0.029982363315696647
H1N1,HA,GCC,A,2348,20738,0.015579895860481715,0.015873015873015872
H1N1,HA,GCG,A,2348,4912,0.003690521434353902,0.003527336860670194
H1N1,HA,GCT,A,2348,12734,0.009567248652335549,0.008818342151675485
H1N1,HA,GGA,G,2348,32821,0.024659180011366463,0.02292768959435626
H1N1,HA,GGC,G,2348,11293,0.008483809531736304,0.008818342151675485
H1N1,HA,GGG,G,2348,31604,0.02374261085167409,0.022968197879858657
H1N1,HA,GGT,G,2348,19175,0.014405381303312318,0.014109347442680775
H1N1,HA,GTA,V,2348,37516,0.028183555213754954,0.02821869488536155
H1N1,HA,GTC,V,2348,14397,0.010816756536114204,0.010582010582010581
H1N1,HA,GTG,V,2348,18271,0.013726554804898733,0.014109347442680775
H1N1,HA,GTT,V,2348,16886,0.012686086238430809,0.012345679012345678
H1N1,HA,TAA,*,2348,2330,0.0017504456653965798,0.001763668430335097
H1N1,HA,TAC,Y,2348,30687,0.02305255524913088,0.02292768959435626
H1N1,HA,TAG,*,2348,3,2.2547365046707896e-06,0.0
H1N1,HA,TAT,Y,2348,32458,0.02438603592688749,0.024691358024691357
H1N1,HA,TCA,S,2348,38569,0.02897436534594102,0.029982363315696647
H1N1,HA,TCC,S,2348,10237,0.007692639663893943,0.007054673721340388
H1N1,HA,TCG,S,2348,2447,0.0018382330860694377,0.001763668430335097
H1N1,HA,TCT,S,2348,20179,0.015159563314400937,0.015873015873015872
H1N1,HA,TGA,*,2348,15,1.1278990908297257e-05,0.0
H1N1,HA,TGC,C,2348,14221,0.010683946057915224,0.010582010582010581
H1N1,HA,TGG,W,2348,23490,0.017647313255367676,0.01763668430335097
H1N1,HA,TGT,C,2348,21278,0.015985647683350854,0.015873015873015872
H1N1,HA,TTA,L,2348,10906,0.008194224288818979,0.008818342151675485
H1N1,HA,TTC,F,2348,27305,0.020513471388807325,0.021164021164021163
H1N1,HA,TTG,L,2348,25785,0.019371804672273053,0.019400352733686066
H1N1,HA,TTT,F,2348,17608,0.013228610028506744,0.012345679012345678
H1N1,NA,AAA,K,2577,30219,0.02493145804947744,0.02553191489361702
H1N1,NA,AAC,N,2577,39530,0.032618533052978176,0.031914893617021274
H1N1,NA,AAG,K,2577,24913,0.020555940087978994,0.02127659574468085
H1N1,NA,AAT,N,2577,58275,0.048084221936638624,0.04893617021276596
H1N1,NA,ACA,T,2577,26784,0.022100212158961845,0.02127659574468085
H1N1,NA,ACC,T,2577,21586,0.01780988507651391,0.01702127659574468
H1N1,NA,ACG,T,2577,467,0.00038524529508076835,0.0
H1N1,NA,ACT,T,2577,23095,0.0190551736559523,0.019148936170212766
H1N1,NA,AGA,R,2577,25982,0.02143754046257605,0.02127659574468085
H1N1,NA,AGC,S,2577,26009,0.021461377186059956,0.02127659574468085
H1N1,NA,AGG,R,2577,8777,0.007242298042371504,0.006382978723404255
H1N1,NA,AGT,S,2577,33874,0.02794983819018912,0.027659574468085105
H1N1,NA,ATA,I,2577,53923,0.044492887806033464,0.04468085106382979
H1N1,NA,ATC,I,2577,26067,0.021508310233232398,0.02127659574468085
H1N1,NA,ATG,M,2577,19340,0.0159576721621917,0.014893617021276596
H1N1,NA,ATT,I,2577,36326,0.029974658999420513,0.029787234042553193
H1N1,NA,CAA,Q,2577,21069,0.01738312677974254,0.01702127659574468
H1N1,NA,CAC,H,2577,5596,0.004616881842802577,0.00425531914893617
H1N1,NA,CAG,Q,2577,15996,0.01320027693622205,0.014893617021276596
H1N1,NA,CAT,H,2577,10645,0.008783154373551115,0.00851063829787234
H1N1,NA,CCA,P,2577,27251,0.022487422400346284,0.023404255319148935
H1N1,NA,CCC,P,2577,7597,0.006268871325585512,0.006382978723404255
H1N1,NA,CCG,P,2577,5179,0.004272444949594443,0.00425531914893617
H1N1,NA,CCT,P,2577,16115,0.013296123409686219,0.01276595744680851
H1N1,NA,CGA,R,2577,7177,0.005922449897928699,0.006382978723404255
H1N1,NA,CGC,R,2577,2245,0.0018527603994934895,0.002127659574468085
H1N1,NA,CGG,R,2577,60,4.9542123959619216e-05,0.0
H1N1,NA,CGT,R,2577,343,0.00028270570359971675,0.0
H1N1,NA,CTA,L,2577,12468,0.010287952774566915,0.010638297872340425
H1N1,NA,CTC,L,2577,2253,0.0018593480549306887,0.002127659574468085
H1N1,NA,CTG,L,2577,5294,0.004368432652011539,0.00425531914893617
H1N1,NA,CTT,L,2577,1562,0.0012885270264710613,0.0
H1N1,NA,GAA,E,2577,34404,0.028388523269212065,0.029787234042553193
H1N1,NA,GAC,D,2577,27491,0.022682347872212617,0.02127659574468085
H1N1,NA,GAG,E,2577,18131,0.014959233897235337,0.014893617021276596
H1N1,NA,GAT,D,2577,25616,0.0211358386868094,0.02127659574468085
H1N1,NA,GCA,A,2577,11791,0.009727320078634295,0.00851063829787234
H1N1,NA,GCC,A,2577,7216,0.0059539557289641255,0.006382978723404255
H1N1,NA,GCG,A,2577,2264,0.0018685384495944809,0.002127659574468085
H1N1,NA,GCT,A,2577,22222,0.018335354097775303,0.01702127659574468
H1N1,NA,GGA,G,2577,44631,0.03682439756391963,0.036170212765957444
H1N1,NA,GGC,G,2577,18644,0.015383099807186405,0.014893617021276596
H1N1,NA,GGG,G,2577,26809,0.022122089298128922,0.023404255319148935
H1N1,NA,GGT,G,2577,24904,0.020549896340148754,0.02127659574468085
H1N1,NA,GTA,V,2577,16974,0.01400680507567093,0.014893617021276596
H1N1,NA,GTC,V,2577,12461,0.01028313819189015,0.00851063829787234
H1N1,NA,GTG,V,2577,20429,0.01685602413471901,0.01702127659574468
H1N1,NA,GTT,V,2577,21742,0.017938101438692424,0.01702127659574468
H1N1,NA,TAA,*,2577,2237,0.0018461570119830252,0.002127659574468085
H1N1,NA,TAC,Y,2577,17699,0.014602775096479894,0.014893617021276596
H1N1,NA,TAG,*,2577,340,0.00028018669996764356,0.0
H1N1,NA,TAT,Y,2577,18171,0.014994383803850124,0.014893617021276596
H1N1,NA,TCA,S,2577,34143,0.028171019954545008,0.027659574468085105
H1N1,NA,TCC,S,2577,15283,0.012611772670526366,0.01276595744680851
H1N1,NA,TCG,S,2577,6690,0.005520985423034586,0.006382978723404255
H1N1,NA,TCT,S,2577,25296,0.020872582843903826,0.02100840336134454
H1N1,NA,TGA,*,2577,0,0.0,0.0
H1N1,NA,TGC,C,2577,22589,0.018639361680496163,0.019148936170212766
H1N1,NA,TGG,W,2577,41231,0.034020680724295156,0.03404255319148936
H1N1,NA,TGT,C,2577,26054,0.021497509245740672,0.02127659574468085
H1N1,NA,TTA,L,2577,10882,0.0089784679025169,0.00851063829787234
H1N1,NA,TTC,F,2577,22993,0.01897235505904397,0.019148936170212766
H1N1,NA,TTG,L,2577,13663,0.01127258993861788,0.010638297872340425
H1N1,NA,TTT,F,2577,22930,0.018919234968055688,0.019148936170212766
H3N2,HA,AAA,K,1988,52013,0.04613240057641693,0.04409171075837742
H3N2,HA,AAC,N,1988,37835,0.033557781269993925,0.03350970017636684
H3N2,HA,AAG,K,1988,19457,0.01725822833877074,0.019400352733686066
H3N2,HA,AAT,N,1988,49816,0.04418471391052969,0.04409171075837742
H3N2,HA,ACA,T,1988,24633,0.021848276744231135,0.021164021164021163
H3N2,HA,ACC,T,1988,6527,0.005789119859542833,0.005291005291005291
H3N2,HA,ACG,T,1988,9310,0.008257376090162602,0.008818342151675485
H3N2,HA,ACT,T,1988,24687,0.02189603281595048,0.02292768959435626
H3N2,HA,AGA,R,1988,27032,0.023976375097914355,0.02292768959435626
H3N2,HA,AGC,S,1988,26325,0.023349004330696945,0.02292768959435626
H3N2,HA,AGG,R,1988,17041,0.015114504660119507,0.015873015873015872
H3N2,HA,AGT,S,1988,11950,0.010599280655938539,0.010582010582010581
H3N2,HA,ATA,I,1988,33874,0.030045521880335435,0.031746031746031744
H3N2,HA,ATC,I,1988,34936,0.03098663253668946,0.031746031746031744
H3N2,HA,ATG,M,1988,16398,0.014544274883600005,0.014109347442680775
H3N2,HA,ATT,I,1988,30676,0.027207946532759902,0.026455026455026454
H3N2,HA,CAA,Q,1988,36261,0.032161667035676536,0.031746031746031744
H3N2,HA,CAC,H,1988,11679,0.010358833377623923,0.010582010582010581
H3N2,HA,CAG,Q,1988,11757,0.010427935420375003,0.010582010582010581
H3N2,HA,CAT,H,1988,10699,0.00948940698370552,0.008818342151675485
H3N2,HA,CCA,P,1988,12748,0.01130705879329904,0.010582010582010581
H3N2,HA,CCC,P,1988,8500,0.007538890447914173,0.007054673721340388
H3N2,HA,CCG,P,1988,7266,0.006444525804361126,0.007054673721340388
H3N2,HA,CCT,P,1988,10988,0.009746204776154609,0.010582010582010581
H3N2,HA,CGA,R,1988,7129,0.006323650809792937,0.007054673721340388
H3N2,HA,CGC,R,1988,623,0.0005524027683359271,0.0
H3N2,HA,CGG,R,1988,2618,0.0023218444581955553,0.001763668430335097
H3N2,HA,CGT,R,1988,21,1.8630300320441163e-05,0.0
H3N2,HA,CTA,L,1988,14369,0.012744191989450617,0.012345679012345678
H3N2,HA,CTC,L,1988,4236,0.003757054572029755,0.003527336860670194
H3N2,HA,CTG,L,1988,21224,0.018824530168149185,0.019400352733686066
H3N2,HA,CTT,L,1988,18852,0.01672103200247568,0.015873015873015872
H3N2,HA,GAA,E,1988,31770,0.028178681037172592,0.02821869488536155
H3N2,HA,GAC,D,1988,30283,0.02685950304863131,0.026455026455026454
H3N2,HA,GAG,E,1988,23862,0.021164485728945005,0.021164021164021163
H3N2,HA,GAT,D,1988,29062,0.02577696927298391,0.026455026455026454
H3N2,HA,GCA,A,1988,23258,0.020628714349280926,0.020833333333333332
H3N2,HA,GCC,A,1988,15680,0.01390763391294958,0.014109347442680775
H3N2,HA,GCG,A,1988,3904,0.003462693394487878,0.003527336860670194
H3N2,HA,GCT,A,1988,19031,0.01687980683028669,0.01763668430335097
H3N2,HA,GGA,G,1988,34457,0.03056275425138843,0.029982363315696647
H3N2,HA,GGC,G,1988,13844,0.012278859077402636,0.012345679012345678
H3N2,HA,GGG,G,1988,19960,0.017703061117104874,0.01763668430335097
H3N2,HA,GGT,G,1988,15902,0.014104100883645011,0.014109347442680775
H3N2,HA,GTA,V,1988,14444,0.012811288965356136,0.012345679012345678
H3N2,HA,GTC,V,1988,3668,0.003252821548773516,0.001763668430335097
H3N2,HA,GTG,V,1988,9137,0.008103992535764725,0.008818342151675485
H3N2,HA,GTT,V,1988,21988,0.019502557836555613,0.019400352733686066
H3N2,HA,TAA,*,1988,27,2.395324326913864e-05,0.0
H3N2,HA,TAC,Y,1988,23118,0.02050477078645145,0.021164021164021163
H3N2,HA,TAG,*,1988,1,8.871571581162459e-07,0.0
H3N2,HA,TAT,Y,1988,14792,0.01311964449356169,0.012345679012345678
H3N2,HA,TCA,S,1988,25011,0.022183908866120445,0.02292768959435626
H3N2,HA,TCC,S,1988,8510,0.007547966636071923,0.007054673721340388
H3N2,HA,TCG,S,1988,211,0.00018704588297788438,0.0
H3N2,HA,TCT,S,1988,12062,0.010698527695807872,0.010582010582010581
H3N2,HA,TGA,*,1988,1960,0.0017384300199904663,0.001763668430335097
H3N2,HA,TGC,C,1988,19868,0.017621968418818194,0.01763668430335097
H3N2,HA,TGG,W,1988,21974,0.019489876788089267,0.019400352733686066
H3N2,HA,TGT,C,1988,16019,0.01420822214752745,0.014109347442680775
H3N2,HA,TTA,L,1988,5559,0.004930275576872708,0.005291005291005291
H3N2,HA,TTC,F,1988,26511,0.023514106679638856,0.02292768959435626
H3N2,HA,TTG,L,1988,22305,0.01978363786110215,0.019400352733686066
H3N2,HA,TTT,F,1988,17795,0.015783524064300985,0.015873015873015872
H3N2,NA,AAA,K,2061,31328,0.03233916116619646,0.031914893617021274
H3N2,NA,AAC,N,2061,30430,0.03141222111288803,0.031914893617021274
H3N2,NA,AAG,K,2061,17445,0.018007837369387766,0.01702127659574468
H3N2,NA,AAT,N,2061,32750,0.033807061815363484,0.03404255319148936
H3N2,NA,ACA,T,2061,30575,0.03156192184591617,0.031914893617021274
H3N2,NA,ACC,T,2061,20778,0.021448616135512365,0.02127659574468085
H3N2,NA,ACG,T,2061,6089,0.0062855645261642905,0.006382978723404255
H3N2,NA,ACT,T,2061,18209,0.018796762549225025,0.019148936170212766
H3N2,NA,AGA,R,2061,18969,0.0195813501320987,0.019148936170212766
H3N2,NA,AGC,S,2061,17307,0.017865528108796252,0.01702127659574468
H3N2,NA,AGG,R,2061,15185,0.015675041525634762,0.014893617021276596
H3N2,NA,AGT,S,2061,13634,0.014074068444532453,0.014893617021276596
H3N2,NA,ATA,I,2061,37333,0.03853808493242163,0.03829787234042553
H3N2,NA,ATC,I,2061,15295,0.01578854933272659,0.014893617021276596
H3N2,NA,ATG,M,2061,14711,0.015185793409947686,0.014893617021276596
H3N2,NA,ATT,I,2061,25252,0.026067078242336755,0.02553191489361702
H3N2,NA,CAA,Q,2061,16407,0.01693663900323055,0.01702127659574468
H3N2,NA,CAC,H,2061,2192,0.0022627312731723073,0.002127659574468085
H3N2,NA,CAG,Q,2061,8355,0.008624593169526415,0.00851063829787234
H3N2,NA,CAT,H,2061,19295,0.01991780920626302,0.019148936170212766
H3N2,NA,CCA,P,2061,7792,0.008043507868571267,0.00851063829787234
H3N2,NA,CCC,P,2061,8403,0.008674200206060498,0.00851063829787234
H3N2,NA,CCG,P,2061,2090,0.0021574605087695095,0.002127659574468085
H3N2,NA,CCT,P,2061,20984,0.02166131563585321,0.02127659574468085
H3N2,NA,CGA,R,2061,2101,0.0021688097190987383,0.002127659574468085
H3N2,NA,CGC,R,2061,1942,0.0020046736979877156,0.002127659574468085
H3N2,NA,CGG,R,2061,5432,0.005607345089749975,0.006382978723404255
H3N2,NA,CGT,R,2061,1935,0.0019975082115714494,0.002127659574468085
H3N2,NA,CTA,L,2061,6666,0.006881059152613544,0.006382978723404255
H3N2,NA,CTC,L,2061,7734,0.007983710372745059,0.00851063829787234
H3N2,NA,CTG,L,2061,7832,0.008084766955992539,0.00851063829787234
H3N2,NA,CTT,L,2061,8791,0.009074701414569977,0.00851063829787234
H3N2,NA,GAA,E,2061,30744,0.03173628820567567,0.031914893617021274
H3N2,NA,GAC,D,2061,19187,0.019806292813566682,0.019148936170212766
H3N2,NA,GAG,E,2061,21273,0.0219596105120188,0.02127659574468085
H3N2,NA,GAT,D,2061,30665,0.031654752246325496,0.031914893617021274
H3N2,NA,GCA,A,2061,10477,0.01081501959682781,0.010638297872340425
H3N2,NA,GCC,A,2061,6222,0.006422748521816619,0.006382978723404255
H3N2,NA,GCG,A,2061,2170,0.002240047974056965,0.002127659574468085
H3N2,NA,GCT,A,2061,10428,0.010764597379972644,0.010638297872340425
H3N2,NA,GGA,G,2061,30341,0.0313202276328561,0.031914893617021274
H3N2,NA,GGC,G,2061,14981,0.015464577997660512,0.014893617021276596
H3N2,NA,GGG,G,2061,15983,0.016498860017630543,0.01702127659574468
H3N2,NA,GGT,G,2061,18530,0.019128049301947014,0.019148936170212766
H3N2,NA,GTA,V,2061,12832,0.013245865815702723,0.01276595744680851
H3N2,NA,GTC,V,2061,12334,0.012732076718773043,0.01276595744680851
H3N2,NA,GTG,V,2061,22185,0.02290112941362551,0.023404255319148935
H3N2,NA,GTT,V,2061,25125,0.025936124524352618,0.02553191489361702
H3N2,NA,TAA,*,2061,2040,0.0021058433429648493,0.002127659574468085
H3N2,NA,TAC,Y,2061,4476,0.0046204489430570145,0.00425531914893617
H3N2,NA,TAG,*,2061,21,2.16792096379572e-05,0.0
H3N2,NA,TAT,Y,2061,24395,0.02518239912548818,0.02553191489361702
H3N2,NA,TCA,S,2061,25683,0.026511970535044917,0.027659574468085105
H3N2,NA,TCC,S,2061,22989,0.023731056985867905,0.023404255319148935
H3N2,NA,TCG,S,2061,2268,0.0023411544900689626,0.002127659574468085
H3N2,NA,TCT,S,2061,12078,0.01246789653406142,0.01276595744680851
H3N2,NA,TGA,*,2061,0,0.0,0.0
H3N2,NA,TGC,C,2061,21147,0.021829489440244293,0.02127659574468085
H3N2,NA,TGG,W,2061,22789,0.02352453409842686,0.023404255319148935
H3N2,NA,TGT,C,2061,22281,0.023000149523306028,0.023404255319148935
H3N2,NA,TTA,L,2061,3351,0.003459173747846815,0.002127659574468085
H3N2,NA,TTC,F,2061,18478,0.019074562968886957,0.019148936170212766
H3N2,NA,TTG,L,2061,17634,0.018203232746762697,0.019148936170212766
H3N2,NA,TTT,F,2061,12385,0.012784667500602061,0.01276595744680851
